replica,turn,population,sigma,network,base_SS,true_model,modelcompare,orig_type,selected_model,prop_t_mod,old_model,init_g_true,final_g,final_g_true,replicated
1,1,Mave,0.2,None,100,2,5,4,5,0,8,0,5,0,0
1,2,Mave,0.2,None,100,2,5,4,2,1,5,0,2,1,0
1,3,Mave,0.2,None,100,2,5,4,13,0,2,1,2,1,0
1,4,Mave,0.2,None,100,2,5,4,14,0,2,1,2,1,0
1,5,Mave,0.2,None,100,2,5,4,3,0,2,1,2,1,0
1,6,Mave,0.2,None,100,2,5,4,7,0,2,1,2,1,0
1,7,Mave,0.2,None,100,2,5,4,13,0,2,1,2,1,0
1,8,Mave,0.2,None,100,2,5,4,7,0,2,1,2,1,0
1,9,Mave,0.2,None,100,2,5,4,1,0,2,1,2,1,0
1,10,Mave,0.2,None,100,2,5,4,11,0,2,1,2,1,0
1,11,Mave,0.2,None,100,2,5,4,6,0,2,1,2,1,0
1,12,Mave,0.2,None,100,2,5,4,7,0,2,1,2,1,0
1,13,Mave,0.2,None,100,2,5,4,6,0,2,1,2,1,0
1,14,Mave,0.2,None,100,2,5,4,11,0,2,1,2,1,0
1,15,Mave,0.2,None,100,2,5,4,2,1,2,1,2,1,0
1,16,Mave,0.2,None,100,2,5,4,11,0,2,1,2,1,0
1,17,Mave,0.2,None,100,2,5,4,2,1,2,1,2,1,0
1,18,Mave,0.2,None,100,2,5,4,2,1,2,1,2,1,0
1,19,Mave,0.2,None,100,2,5,4,10,0,2,1,2,1,0
1,20,Mave,0.2,None,100,2,5,4,13,0,2,1,2,1,0
1,21,Mave,0.2,None,100,2,5,4,1,0,2,1,2,1,0
1,22,Mave,0.2,None,100,2,5,4,8,0,2,1,8,0,0
1,23,Mave,0.2,None,100,2,5,4,8,0,8,0,8,0,0
1,24,Mave,0.2,None,100,2,5,4,10,0,8,0,8,0,0
1,25,Mave,0.2,None,100,2,5,4,9,0,8,0,9,0,0
1,26,Mave,0.2,None,100,2,5,4,5,0,9,0,5,0,0
1,27,Mave,0.2,None,100,2,5,4,11,0,5,0,5,0,0
1,28,Mave,0.2,None,100,2,5,4,8,0,5,0,5,0,0
1,29,Mave,0.2,None,100,2,5,4,6,0,5,0,5,0,0
1,30,Mave,0.2,None,100,2,5,4,13,0,5,0,5,0,0
1,31,Mave,0.2,None,100,2,5,4,13,0,5,0,5,0,0
1,32,Mave,0.2,None,100,2,5,4,2,1,5,0,2,1,0
1,33,Mave,0.2,None,100,2,5,4,6,0,2,1,2,1,0
1,34,Mave,0.2,None,100,2,5,4,2,1,2,1,2,1,0
1,35,Mave,0.2,None,100,2,5,4,9,0,2,1,2,1,0
1,36,Mave,0.2,None,100,2,5,4,10,0,2,1,2,1,0
1,37,Mave,0.2,None,100,2,5,4,9,0,2,1,2,1,0
1,38,Mave,0.2,None,100,2,5,4,9,0,2,1,2,1,0
1,39,Mave,0.2,None,100,2,5,4,5,0,2,1,2,1,0
1,40,Mave,0.2,None,100,2,5,4,11,0,2,1,2,1,0
1,41,Mave,0.2,None,100,2,5,4,12,0,2,1,2,1,0
1,42,Mave,0.2,None,100,2,5,4,5,0,2,1,2,1,0
1,43,Mave,0.2,None,100,2,5,4,12,0,2,1,2,1,0
1,44,Mave,0.2,None,100,2,5,4,10,0,2,1,2,1,0
1,45,Mave,0.2,None,100,2,5,4,5,0,2,1,2,1,0
1,46,Mave,0.2,None,100,2,5,2,1,0,2,1,2,1,0
1,47,Mave,0.2,None,100,2,5,4,14,0,2,1,2,1,0
1,48,Mave,0.2,None,100,2,5,4,6,0,2,1,2,1,0
1,49,Mave,0.2,None,100,2,5,4,2,1,2,1,2,1,0
1,50,Mave,0.2,None,100,2,5,4,6,0,2,1,2,1,0
1,51,Mave,0.2,None,100,2,5,4,5,0,2,1,2,1,0
1,52,Mave,0.2,None,100,2,5,4,10,0,2,1,2,1,0
1,53,Mave,0.2,None,100,2,5,4,5,0,2,1,2,1,0
1,54,Mave,0.2,None,100,2,5,4,12,0,2,1,2,1,0
1,55,Mave,0.2,None,100,2,5,4,14,0,2,1,2,1,0
1,56,Mave,0.2,None,100,2,5,4,5,0,2,1,5,0,0
1,57,Mave,0.2,None,100,2,5,4,7,0,5,0,5,0,0
1,58,Mave,0.2,None,100,2,5,4,13,0,5,0,5,0,0
1,59,Mave,0.2,None,100,2,5,4,12,0,5,0,5,0,0
1,60,Mave,0.2,None,100,2,5,4,4,0,5,0,5,0,0
1,61,Mave,0.2,None,100,2,5,4,1,0,5,0,5,0,0
1,62,Mave,0.2,None,100,2,5,4,14,0,5,0,5,0,0
1,63,Mave,0.2,None,100,2,5,4,3,0,5,0,5,0,0
1,64,Mave,0.2,None,100,2,5,4,10,0,5,0,5,0,0
1,65,Mave,0.2,None,100,2,5,4,9,0,5,0,5,0,0
1,66,Mave,0.2,None,100,2,5,4,13,0,5,0,5,0,0
1,67,Mave,0.2,None,100,2,5,4,7,0,5,0,5,0,0
1,68,Mave,0.2,None,100,2,5,4,4,0,5,0,4,0,0
1,69,Mave,0.2,None,100,2,5,4,14,0,4,0,4,0,0
1,70,Mave,0.2,None,100,2,5,4,4,0,4,0,4,0,0
1,71,Mave,0.2,None,100,2,5,4,9,0,4,0,4,0,0
1,72,Mave,0.2,None,100,2,5,4,7,0,4,0,4,0,0
1,73,Mave,0.2,None,100,2,5,4,2,1,4,0,2,1,0
1,74,Mave,0.2,None,100,2,5,4,12,0,2,1,2,1,0
1,75,Mave,0.2,None,100,2,5,4,13,0,2,1,2,1,0
1,76,Mave,0.2,None,100,2,5,4,6,0,2,1,2,1,0
1,77,Mave,0.2,None,100,2,5,4,9,0,2,1,2,1,0
1,78,Mave,0.2,None,100,2,5,4,8,0,2,1,2,1,0
1,79,Mave,0.2,None,100,2,5,4,14,0,2,1,2,1,0
1,80,Mave,0.2,None,100,2,5,4,6,0,2,1,2,1,0
1,81,Mave,0.2,None,100,2,5,4,2,1,2,1,2,1,0
1,82,Mave,0.2,None,100,2,5,4,5,0,2,1,2,1,0
1,83,Mave,0.2,None,100,2,5,4,8,0,2,1,2,1,0
1,84,Mave,0.2,None,100,2,5,4,3,0,2,1,2,1,0
1,85,Mave,0.2,None,100,2,5,4,14,0,2,1,2,1,0
1,86,Mave,0.2,None,100,2,5,4,10,0,2,1,2,1,0
1,87,Mave,0.2,None,100,2,5,4,9,0,2,1,2,1,0
1,88,Mave,0.2,None,100,2,5,4,10,0,2,1,2,1,0
1,89,Mave,0.2,None,100,2,5,4,1,0,2,1,2,1,0
1,90,Mave,0.2,None,100,2,5,4,10,0,2,1,2,1,0
1,91,Mave,0.2,None,100,2,5,1,10,0,2,1,2,1,1
1,92,Mave,0.2,None,100,2,5,4,14,0,2,1,2,1,0
1,93,Mave,0.2,None,100,2,5,4,13,0,2,1,2,1,0
1,94,Mave,0.2,None,100,2,5,4,2,1,2,1,2,1,0
1,95,Mave,0.2,None,100,2,5,4,14,0,2,1,2,1,0
1,96,Mave,0.2,None,100,2,5,4,12,0,2,1,2,1,0
1,97,Mave,0.2,None,100,2,5,4,3,0,2,1,2,1,0
1,98,Mave,0.2,None,100,2,5,4,9,0,2,1,2,1,0
1,99,Mave,0.2,None,100,2,5,4,14,0,2,1,2,1,0
1,100,Mave,0.2,None,100,2,5,4,7,0,2,1,2,1,0
1,101,Mave,0.2,None,100,2,5,4,13,0,2,1,2,1,0
1,102,Mave,0.2,None,100,2,5,4,9,0,2,1,2,1,0
1,103,Mave,0.2,None,100,2,5,1,9,0,2,1,2,1,1
1,104,Mave,0.2,None,100,2,5,4,14,0,2,1,2,1,0
1,105,Mave,0.2,None,100,2,5,4,12,0,2,1,2,1,0
1,106,Mave,0.2,None,100,2,5,4,8,0,2,1,2,1,0
1,107,Mave,0.2,None,100,2,5,4,1,0,2,1,2,1,0
1,108,Mave,0.2,None,100,2,5,4,9,0,2,1,2,1,0
1,109,Mave,0.2,None,100,2,5,4,6,0,2,1,2,1,0
1,110,Mave,0.2,None,100,2,5,4,11,0,2,1,2,1,0
1,111,Mave,0.2,None,100,2,5,4,11,0,2,1,2,1,0
1,112,Mave,0.2,None,100,2,5,4,4,0,2,1,2,1,0
1,113,Mave,0.2,None,100,2,5,4,10,0,2,1,2,1,0
1,114,Mave,0.2,None,100,2,5,4,1,0,2,1,2,1,0
1,115,Mave,0.2,None,100,2,5,4,9,0,2,1,2,1,0
1,116,Mave,0.2,None,100,2,5,4,9,0,2,1,2,1,0
1,117,Mave,0.2,None,100,2,5,4,5,0,2,1,2,1,0
1,118,Mave,0.2,None,100,2,5,4,6,0,2,1,2,1,0
1,119,Mave,0.2,None,100,2,5,4,1,0,2,1,2,1,0
1,120,Mave,0.2,None,100,2,5,4,9,0,2,1,2,1,0
1,121,Mave,0.2,None,100,2,5,4,12,0,2,1,2,1,0
1,122,Mave,0.2,None,100,2,5,4,10,0,2,1,2,1,0
1,123,Mave,0.2,None,100,2,5,4,1,0,2,1,2,1,0
1,124,Mave,0.2,None,100,2,5,4,9,0,2,1,2,1,0
1,125,Mave,0.2,None,100,2,5,4,10,0,2,1,2,1,0
1,126,Mave,0.2,None,100,2,5,4,8,0,2,1,2,1,0
1,127,Mave,0.2,None,100,2,5,4,6,0,2,1,2,1,0
1,128,Mave,0.2,None,100,2,5,4,8,0,2,1,2,1,0
1,129,Mave,0.2,None,100,2,5,4,13,0,2,1,2,1,0
1,130,Mave,0.2,None,100,2,5,4,14,0,2,1,2,1,0
1,131,Mave,0.2,None,100,2,5,4,2,1,2,1,2,1,0
1,132,Mave,0.2,None,100,2,5,4,3,0,2,1,2,1,0
1,133,Mave,0.2,None,100,2,5,4,10,0,2,1,2,1,0
1,134,Mave,0.2,None,100,2,5,4,13,0,2,1,2,1,0
1,135,Mave,0.2,None,100,2,5,4,13,0,2,1,2,1,0
1,136,Mave,0.2,None,100,2,5,4,9,0,2,1,2,1,0
1,137,Mave,0.2,None,100,2,5,4,13,0,2,1,2,1,0
1,138,Mave,0.2,None,100,2,5,4,13,0,2,1,2,1,0
1,139,Mave,0.2,None,100,2,5,4,11,0,2,1,2,1,0
1,140,Mave,0.2,None,100,2,5,4,3,0,2,1,2,1,0
1,141,Mave,0.2,None,100,2,5,4,7,0,2,1,2,1,0
1,142,Mave,0.2,None,100,2,5,4,13,0,2,1,2,1,0
1,143,Mave,0.2,None,100,2,5,4,3,0,2,1,2,1,0
1,144,Mave,0.2,None,100,2,5,4,11,0,2,1,2,1,0
1,145,Mave,0.2,None,100,2,5,4,6,0,2,1,2,1,0
1,146,Mave,0.2,None,100,2,5,4,5,0,2,1,2,1,0
1,147,Mave,0.2,None,100,2,5,4,10,0,2,1,2,1,0
1,148,Mave,0.2,None,100,2,5,4,5,0,2,1,2,1,0
1,149,Mave,0.2,None,100,2,5,4,5,0,2,1,2,1,0
1,150,Mave,0.2,None,100,2,5,4,5,0,2,1,2,1,0
1,151,Mave,0.2,None,100,2,5,4,9,0,2,1,2,1,0
1,152,Mave,0.2,None,100,2,5,4,11,0,2,1,2,1,0
1,153,Mave,0.2,None,100,2,5,4,7,0,2,1,2,1,0
1,154,Mave,0.2,None,100,2,5,4,12,0,2,1,2,1,0
1,155,Mave,0.2,None,100,2,5,4,6,0,2,1,2,1,0
1,156,Mave,0.2,None,100,2,5,4,12,0,2,1,2,1,0
1,157,Mave,0.2,None,100,2,5,4,9,0,2,1,2,1,0
1,158,Mave,0.2,None,100,2,5,4,1,0,2,1,2,1,0
1,159,Mave,0.2,None,100,2,5,4,9,0,2,1,2,1,0
1,160,Mave,0.2,None,100,2,5,4,10,0,2,1,2,1,0
1,161,Mave,0.2,None,100,2,5,4,4,0,2,1,2,1,0
1,162,Mave,0.2,None,100,2,5,4,10,0,2,1,2,1,0
1,163,Mave,0.2,None,100,2,5,4,5,0,2,1,2,1,0
1,164,Mave,0.2,None,100,2,5,4,3,0,2,1,2,1,0
1,165,Mave,0.2,None,100,2,5,4,6,0,2,1,2,1,0
1,166,Mave,0.2,None,100,2,5,4,7,0,2,1,2,1,0
1,167,Mave,0.2,None,100,2,5,4,1,0,2,1,2,1,0
1,168,Mave,0.2,None,100,2,5,4,6,0,2,1,2,1,0
1,169,Mave,0.2,None,100,2,5,4,11,0,2,1,2,1,0
1,170,Mave,0.2,None,100,2,5,4,9,0,2,1,2,1,0
1,171,Mave,0.2,None,100,2,5,4,9,0,2,1,2,1,0
1,172,Mave,0.2,None,100,2,5,4,11,0,2,1,2,1,0
1,173,Mave,0.2,None,100,2,5,4,10,0,2,1,2,1,0
1,174,Mave,0.2,None,100,2,5,4,5,0,2,1,2,1,0
1,175,Mave,0.2,None,100,2,5,4,10,0,2,1,2,1,0
1,176,Mave,0.2,None,100,2,5,4,1,0,2,1,2,1,0
1,177,Mave,0.2,None,100,2,5,4,12,0,2,1,2,1,0
1,178,Mave,0.2,None,100,2,5,4,4,0,2,1,2,1,0
1,179,Mave,0.2,None,100,2,5,4,6,0,2,1,2,1,0
1,180,Mave,0.2,None,100,2,5,4,9,0,2,1,2,1,0
1,181,Mave,0.2,None,100,2,5,4,1,0,2,1,2,1,0
1,182,Mave,0.2,None,100,2,5,4,2,1,2,1,2,1,0
1,183,Mave,0.2,None,100,2,5,4,3,0,2,1,2,1,0
1,184,Mave,0.2,None,100,2,5,4,1,0,2,1,2,1,0
1,185,Mave,0.2,None,100,2,5,4,11,0,2,1,2,1,0
1,186,Mave,0.2,None,100,2,5,4,9,0,2,1,2,1,0
1,187,Mave,0.2,None,100,2,5,1,9,0,2,1,2,1,1
1,188,Mave,0.2,None,100,2,5,4,9,0,2,1,2,1,0
1,189,Mave,0.2,None,100,2,5,4,1,0,2,1,2,1,0
1,190,Mave,0.2,None,100,2,5,4,14,0,2,1,2,1,0
1,191,Mave,0.2,None,100,2,5,4,5,0,2,1,2,1,0
1,192,Mave,0.2,None,100,2,5,4,12,0,2,1,2,1,0
1,193,Mave,0.2,None,100,2,5,4,7,0,2,1,2,1,0
1,194,Mave,0.2,None,100,2,5,4,6,0,2,1,2,1,0
1,195,Mave,0.2,None,100,2,5,4,12,0,2,1,2,1,0
1,196,Mave,0.2,None,100,2,5,4,13,0,2,1,2,1,0
1,197,Mave,0.2,None,100,2,5,4,13,0,2,1,2,1,0
1,198,Mave,0.2,None,100,2,5,4,11,0,2,1,2,1,0
1,199,Mave,0.2,None,100,2,5,4,7,0,2,1,2,1,0
1,200,Mave,0.2,None,100,2,5,4,3,0,2,1,2,1,0
1,201,Mave,0.2,None,100,2,5,4,6,0,2,1,2,1,0
1,202,Mave,0.2,None,100,2,5,4,3,0,2,1,2,1,0
1,203,Mave,0.2,None,100,2,5,4,1,0,2,1,2,1,0
1,204,Mave,0.2,None,100,2,5,4,13,0,2,1,2,1,0
1,205,Mave,0.2,None,100,2,5,4,2,1,2,1,2,1,0
1,206,Mave,0.2,None,100,2,5,4,6,0,2,1,2,1,0
1,207,Mave,0.2,None,100,2,5,4,11,0,2,1,2,1,0
1,208,Mave,0.2,None,100,2,5,4,2,1,2,1,2,1,0
1,209,Mave,0.2,None,100,2,5,4,11,0,2,1,2,1,0
1,210,Mave,0.2,None,100,2,5,4,4,0,2,1,2,1,0
1,211,Mave,0.2,None,100,2,5,4,13,0,2,1,2,1,0
1,212,Mave,0.2,None,100,2,5,4,13,0,2,1,2,1,0
1,213,Mave,0.2,None,100,2,5,4,9,0,2,1,2,1,0
1,214,Mave,0.2,None,100,2,5,4,13,0,2,1,2,1,0
1,215,Mave,0.2,None,100,2,5,4,6,0,2,1,2,1,0
1,216,Mave,0.2,None,100,2,5,4,1,0,2,1,2,1,0
1,217,Mave,0.2,None,100,2,5,4,3,0,2,1,2,1,0
1,218,Mave,0.2,None,100,2,5,4,3,0,2,1,2,1,0
1,219,Mave,0.2,None,100,2,5,4,1,0,2,1,2,1,0
1,220,Mave,0.2,None,100,2,5,4,12,0,2,1,2,1,0
1,221,Mave,0.2,None,100,2,5,4,11,0,2,1,2,1,0
1,222,Mave,0.2,None,100,2,5,4,10,0,2,1,2,1,0
1,223,Mave,0.2,None,100,2,5,4,12,0,2,1,2,1,0
1,224,Mave,0.2,None,100,2,5,4,14,0,2,1,2,1,0
1,225,Mave,0.2,None,100,2,5,4,9,0,2,1,2,1,0
1,226,Mave,0.2,None,100,2,5,4,7,0,2,1,2,1,0
1,227,Mave,0.2,None,100,2,5,4,3,0,2,1,2,1,0
1,228,Mave,0.2,None,100,2,5,4,2,1,2,1,2,1,0
1,229,Mave,0.2,None,100,2,5,4,3,0,2,1,2,1,0
1,230,Mave,0.2,None,100,2,5,4,9,0,2,1,2,1,0
1,231,Mave,0.2,None,100,2,5,4,9,0,2,1,2,1,0
1,232,Mave,0.2,None,100,2,5,4,2,1,2,1,2,1,0
1,233,Mave,0.2,None,100,2,5,4,2,1,2,1,2,1,0
1,234,Mave,0.2,None,100,2,5,4,7,0,2,1,2,1,0
1,235,Mave,0.2,None,100,2,5,4,14,0,2,1,2,1,0
1,236,Mave,0.2,None,100,2,5,4,8,0,2,1,2,1,0
1,237,Mave,0.2,None,100,2,5,4,1,0,2,1,2,1,0
1,238,Mave,0.2,None,100,2,5,4,5,0,2,1,2,1,0
1,239,Mave,0.2,None,100,2,5,4,1,0,2,1,2,1,0
1,240,Mave,0.2,None,100,2,5,4,12,0,2,1,2,1,0
1,241,Mave,0.2,None,100,2,5,4,4,0,2,1,4,0,0
1,242,Mave,0.2,None,100,2,5,4,3,0,4,0,4,0,0
1,243,Mave,0.2,None,100,2,5,4,1,0,4,0,4,0,0
1,244,Mave,0.2,None,100,2,5,4,9,0,4,0,4,0,0
1,245,Mave,0.2,None,100,2,5,4,4,0,4,0,4,0,0
1,246,Mave,0.2,None,100,2,5,4,8,0,4,0,4,0,0
1,247,Mave,0.2,None,100,2,5,4,2,1,4,0,2,1,0
1,248,Mave,0.2,None,100,2,5,4,1,0,2,1,2,1,0
1,249,Mave,0.2,None,100,2,5,4,10,0,2,1,2,1,0
1,250,Mave,0.2,None,100,2,5,4,1,0,2,1,2,1,0
1,251,Mave,0.2,None,100,2,5,4,14,0,2,1,2,1,0
1,252,Mave,0.2,None,100,2,5,4,11,0,2,1,2,1,0
1,253,Mave,0.2,None,100,2,5,4,2,1,2,1,2,1,0
1,254,Mave,0.2,None,100,2,5,4,2,1,2,1,2,1,0
1,255,Mave,0.2,None,100,2,5,4,5,0,2,1,2,1,0
1,256,Mave,0.2,None,100,2,5,4,4,0,2,1,2,1,0
1,257,Mave,0.2,None,100,2,5,4,13,0,2,1,2,1,0
1,258,Mave,0.2,None,100,2,5,4,7,0,2,1,2,1,0
1,259,Mave,0.2,None,100,2,5,4,7,0,2,1,2,1,0
1,260,Mave,0.2,None,100,2,5,4,2,1,2,1,2,1,0
1,261,Mave,0.2,None,100,2,5,4,1,0,2,1,2,1,0
1,262,Mave,0.2,None,100,2,5,4,3,0,2,1,2,1,0
1,263,Mave,0.2,None,100,2,5,4,2,1,2,1,2,1,0
1,264,Mave,0.2,None,100,2,5,4,4,0,2,1,2,1,0
1,265,Mave,0.2,None,100,2,5,4,14,0,2,1,2,1,0
1,266,Mave,0.2,None,100,2,5,4,6,0,2,1,2,1,0
1,267,Mave,0.2,None,100,2,5,4,4,0,2,1,2,1,0
1,268,Mave,0.2,None,100,2,5,4,5,0,2,1,2,1,0
1,269,Mave,0.2,None,100,2,5,4,4,0,2,1,2,1,0
1,270,Mave,0.2,None,100,2,5,4,2,1,2,1,2,1,0
1,271,Mave,0.2,None,100,2,5,4,9,0,2,1,2,1,0
1,272,Mave,0.2,None,100,2,5,4,11,0,2,1,2,1,0
1,273,Mave,0.2,None,100,2,5,4,4,0,2,1,2,1,0
1,274,Mave,0.2,None,100,2,5,4,10,0,2,1,2,1,0
1,275,Mave,0.2,None,100,2,5,4,13,0,2,1,2,1,0
1,276,Mave,0.2,None,100,2,5,4,8,0,2,1,2,1,0
1,277,Mave,0.2,None,100,2,5,4,6,0,2,1,2,1,0
1,278,Mave,0.2,None,100,2,5,4,4,0,2,1,2,1,0
1,279,Mave,0.2,None,100,2,5,4,5,0,2,1,2,1,0
1,280,Mave,0.2,None,100,2,5,4,10,0,2,1,2,1,0
1,281,Mave,0.2,None,100,2,5,4,8,0,2,1,2,1,0
1,282,Mave,0.2,None,100,2,5,4,8,0,2,1,2,1,0
1,283,Mave,0.2,None,100,2,5,4,7,0,2,1,2,1,0
1,284,Mave,0.2,None,100,2,5,4,12,0,2,1,2,1,0
1,285,Mave,0.2,None,100,2,5,4,9,0,2,1,2,1,0
1,286,Mave,0.2,None,100,2,5,4,2,1,2,1,2,1,0
1,287,Mave,0.2,None,100,2,5,4,7,0,2,1,2,1,0
1,288,Mave,0.2,None,100,2,5,4,10,0,2,1,2,1,0
1,289,Mave,0.2,None,100,2,5,4,2,1,2,1,2,1,0
1,290,Mave,0.2,None,100,2,5,4,2,1,2,1,2,1,0
1,291,Mave,0.2,None,100,2,5,4,14,0,2,1,2,1,0
1,292,Mave,0.2,None,100,2,5,4,9,0,2,1,2,1,0
1,293,Mave,0.2,None,100,2,5,4,2,1,2,1,2,1,0
1,294,Mave,0.2,None,100,2,5,4,7,0,2,1,2,1,0
1,295,Mave,0.2,None,100,2,5,4,1,0,2,1,2,1,0
1,296,Mave,0.2,None,100,2,5,4,12,0,2,1,2,1,0
1,297,Mave,0.2,None,100,2,5,4,7,0,2,1,2,1,0
1,298,Mave,0.2,None,100,2,5,4,2,1,2,1,2,1,0
1,299,Mave,0.2,None,100,2,5,4,14,0,2,1,2,1,0
1,300,Mave,0.2,None,100,2,5,4,6,0,2,1,2,1,0
1,301,Mave,0.2,None,100,2,5,4,10,0,2,1,2,1,0
1,302,Mave,0.2,None,100,2,5,4,5,0,2,1,2,1,0
1,303,Mave,0.2,None,100,2,5,4,12,0,2,1,2,1,0
1,304,Mave,0.2,None,100,2,5,4,14,0,2,1,2,1,0
1,305,Mave,0.2,None,100,2,5,4,1,0,2,1,2,1,0
1,306,Mave,0.2,None,100,2,5,4,8,0,2,1,2,1,0
1,307,Mave,0.2,None,100,2,5,4,11,0,2,1,2,1,0
1,308,Mave,0.2,None,100,2,5,4,1,0,2,1,2,1,0
1,309,Mave,0.2,None,100,2,5,4,3,0,2,1,2,1,0
1,310,Mave,0.2,None,100,2,5,4,14,0,2,1,2,1,0
1,311,Mave,0.2,None,100,2,5,4,9,0,2,1,2,1,0
1,312,Mave,0.2,None,100,2,5,4,10,0,2,1,2,1,0
1,313,Mave,0.2,None,100,2,5,4,1,0,2,1,2,1,0
1,314,Mave,0.2,None,100,2,5,4,7,0,2,1,2,1,0
1,315,Mave,0.2,None,100,2,5,4,9,0,2,1,2,1,0
1,316,Mave,0.2,None,100,2,5,4,10,0,2,1,2,1,0
1,317,Mave,0.2,None,100,2,5,4,14,0,2,1,2,1,0
1,318,Mave,0.2,None,100,2,5,4,13,0,2,1,2,1,0
1,319,Mave,0.2,None,100,2,5,4,10,0,2,1,2,1,0
1,320,Mave,0.2,None,100,2,5,4,8,0,2,1,2,1,0
1,321,Mave,0.2,None,100,2,5,4,9,0,2,1,2,1,0
1,322,Mave,0.2,None,100,2,5,4,10,0,2,1,2,1,0
1,323,Mave,0.2,None,100,2,5,4,8,0,2,1,2,1,0
1,324,Mave,0.2,None,100,2,5,4,7,0,2,1,2,1,0
1,325,Mave,0.2,None,100,2,5,4,1,0,2,1,2,1,0
1,326,Mave,0.2,None,100,2,5,4,8,0,2,1,2,1,0
1,327,Mave,0.2,None,100,2,5,4,8,0,2,1,2,1,0
1,328,Mave,0.2,None,100,2,5,4,10,0,2,1,2,1,0
1,329,Mave,0.2,None,100,2,5,4,6,0,2,1,2,1,0
1,330,Mave,0.2,None,100,2,5,4,4,0,2,1,2,1,0
1,331,Mave,0.2,None,100,2,5,4,8,0,2,1,2,1,0
1,332,Mave,0.2,None,100,2,5,4,14,0,2,1,2,1,0
1,333,Mave,0.2,None,100,2,5,4,2,1,2,1,2,1,0
1,334,Mave,0.2,None,100,2,5,4,11,0,2,1,2,1,0
1,335,Mave,0.2,None,100,2,5,4,13,0,2,1,2,1,0
1,336,Mave,0.2,None,100,2,5,4,10,0,2,1,2,1,0
1,337,Mave,0.2,None,100,2,5,4,9,0,2,1,2,1,0
1,338,Mave,0.2,None,100,2,5,4,4,0,2,1,2,1,0
1,339,Mave,0.2,None,100,2,5,4,7,0,2,1,2,1,0
1,340,Mave,0.2,None,100,2,5,4,5,0,2,1,2,1,0
1,341,Mave,0.2,None,100,2,5,4,9,0,2,1,2,1,0
1,342,Mave,0.2,None,100,2,5,4,7,0,2,1,2,1,0
1,343,Mave,0.2,None,100,2,5,4,7,0,2,1,2,1,0
1,344,Mave,0.2,None,100,2,5,4,2,1,2,1,2,1,0
1,345,Mave,0.2,None,100,2,5,4,1,0,2,1,2,1,0
1,346,Mave,0.2,None,100,2,5,4,9,0,2,1,2,1,0
1,347,Mave,0.2,None,100,2,5,4,9,0,2,1,2,1,0
1,348,Mave,0.2,None,100,2,5,4,3,0,2,1,2,1,0
1,349,Mave,0.2,None,100,2,5,3,5,0,2,1,2,1,0
1,350,Mave,0.2,None,100,2,5,4,10,0,2,1,2,1,0
1,351,Mave,0.2,None,100,2,5,4,3,0,2,1,2,1,0
1,352,Mave,0.2,None,100,2,5,4,6,0,2,1,2,1,0
1,353,Mave,0.2,None,100,2,5,4,14,0,2,1,2,1,0
1,354,Mave,0.2,None,100,2,5,4,6,0,2,1,2,1,0
1,355,Mave,0.2,None,100,2,5,4,1,0,2,1,2,1,0
1,356,Mave,0.2,None,100,2,5,4,8,0,2,1,2,1,0
1,357,Mave,0.2,None,100,2,5,4,1,0,2,1,2,1,0
1,358,Mave,0.2,None,100,2,5,4,11,0,2,1,2,1,0
1,359,Mave,0.2,None,100,2,5,4,9,0,2,1,2,1,0
1,360,Mave,0.2,None,100,2,5,4,11,0,2,1,2,1,0
1,361,Mave,0.2,None,100,2,5,4,3,0,2,1,2,1,0
1,362,Mave,0.2,None,100,2,5,4,11,0,2,1,2,1,0
1,363,Mave,0.2,None,100,2,5,4,11,0,2,1,2,1,0
1,364,Mave,0.2,None,100,2,5,4,2,1,2,1,2,1,0
1,365,Mave,0.2,None,100,2,5,4,1,0,2,1,2,1,0
1,366,Mave,0.2,None,100,2,5,4,7,0,2,1,2,1,0
1,367,Mave,0.2,None,100,2,5,4,9,0,2,1,2,1,0
1,368,Mave,0.2,None,100,2,5,4,3,0,2,1,2,1,0
1,369,Mave,0.2,None,100,2,5,4,11,0,2,1,2,1,0
1,370,Mave,0.2,None,100,2,5,4,3,0,2,1,2,1,0
1,371,Mave,0.2,None,100,2,5,4,8,0,2,1,8,0,0
1,372,Mave,0.2,None,100,2,5,4,9,0,8,0,9,0,0
1,373,Mave,0.2,None,100,2,5,4,10,0,9,0,9,0,0
1,374,Mave,0.2,None,100,2,5,4,6,0,9,0,9,0,0
1,375,Mave,0.2,None,100,2,5,4,4,0,9,0,4,0,0
1,376,Mave,0.2,None,100,2,5,4,4,0,4,0,4,0,0
1,377,Mave,0.2,None,100,2,5,4,9,0,4,0,4,0,0
1,378,Mave,0.2,None,100,2,5,4,7,0,4,0,4,0,0
1,379,Mave,0.2,None,100,2,5,4,7,0,4,0,4,0,0
1,380,Mave,0.2,None,100,2,5,4,5,0,4,0,4,0,0
1,381,Mave,0.2,None,100,2,5,4,10,0,4,0,4,0,0
1,382,Mave,0.2,None,100,2,5,4,10,0,4,0,4,0,0
1,383,Mave,0.2,None,100,2,5,4,3,0,4,0,4,0,0
1,384,Mave,0.2,None,100,2,5,4,13,0,4,0,4,0,0
1,385,Mave,0.2,None,100,2,5,4,6,0,4,0,4,0,0
1,386,Mave,0.2,None,100,2,5,4,12,0,4,0,4,0,0
1,387,Mave,0.2,None,100,2,5,4,7,0,4,0,4,0,0
1,388,Mave,0.2,None,100,2,5,4,9,0,4,0,4,0,0
1,389,Mave,0.2,None,100,2,5,4,8,0,4,0,4,0,0
1,390,Mave,0.2,None,100,2,5,4,4,0,4,0,4,0,0
1,391,Mave,0.2,None,100,2,5,4,7,0,4,0,4,0,0
1,392,Mave,0.2,None,100,2,5,4,12,0,4,0,4,0,0
1,393,Mave,0.2,None,100,2,5,4,1,0,4,0,4,0,0
1,394,Mave,0.2,None,100,2,5,4,7,0,4,0,4,0,0
1,395,Mave,0.2,None,100,2,5,4,4,0,4,0,4,0,0
1,396,Mave,0.2,None,100,2,5,4,8,0,4,0,4,0,0
1,397,Mave,0.2,None,100,2,5,4,13,0,4,0,4,0,0
1,398,Mave,0.2,None,100,2,5,4,12,0,4,0,4,0,0
1,399,Mave,0.2,None,100,2,5,4,11,0,4,0,4,0,0
1,400,Mave,0.2,None,100,2,5,4,14,0,4,0,4,0,0
1,401,Mave,0.2,None,100,2,5,4,2,1,4,0,2,1,0
1,402,Mave,0.2,None,100,2,5,4,6,0,2,1,2,1,0
1,403,Mave,0.2,None,100,2,5,4,4,0,2,1,2,1,0
1,404,Mave,0.2,None,100,2,5,4,11,0,2,1,2,1,0
1,405,Mave,0.2,None,100,2,5,4,1,0,2,1,2,1,0
1,406,Mave,0.2,None,100,2,5,4,3,0,2,1,2,1,0
1,407,Mave,0.2,None,100,2,5,4,6,0,2,1,2,1,0
1,408,Mave,0.2,None,100,2,5,4,13,0,2,1,2,1,0
1,409,Mave,0.2,None,100,2,5,4,1,0,2,1,2,1,0
1,410,Mave,0.2,None,100,2,5,4,5,0,2,1,2,1,0
1,411,Mave,0.2,None,100,2,5,4,13,0,2,1,2,1,0
1,412,Mave,0.2,None,100,2,5,4,9,0,2,1,2,1,0
1,413,Mave,0.2,None,100,2,5,4,11,0,2,1,2,1,0
1,414,Mave,0.2,None,100,2,5,4,9,0,2,1,2,1,0
1,415,Mave,0.2,None,100,2,5,4,7,0,2,1,2,1,0
1,416,Mave,0.2,None,100,2,5,4,9,0,2,1,2,1,0
1,417,Mave,0.2,None,100,2,5,4,12,0,2,1,2,1,0
1,418,Mave,0.2,None,100,2,5,4,2,1,2,1,2,1,0
1,419,Mave,0.2,None,100,2,5,4,14,0,2,1,2,1,0
1,420,Mave,0.2,None,100,2,5,4,13,0,2,1,2,1,0
1,421,Mave,0.2,None,100,2,5,4,3,0,2,1,2,1,0
1,422,Mave,0.2,None,100,2,5,4,11,0,2,1,2,1,0
1,423,Mave,0.2,None,100,2,5,4,8,0,2,1,2,1,0
1,424,Mave,0.2,None,100,2,5,4,6,0,2,1,2,1,0
1,425,Mave,0.2,None,100,2,5,4,10,0,2,1,2,1,0
1,426,Mave,0.2,None,100,2,5,4,4,0,2,1,4,0,0
1,427,Mave,0.2,None,100,2,5,4,4,0,4,0,4,0,0
1,428,Mave,0.2,None,100,2,5,4,2,1,4,0,2,1,0
1,429,Mave,0.2,None,100,2,5,4,11,0,2,1,2,1,0
1,430,Mave,0.2,None,100,2,5,4,1,0,2,1,2,1,0
1,431,Mave,0.2,None,100,2,5,4,5,0,2,1,2,1,0
1,432,Mave,0.2,None,100,2,5,4,1,0,2,1,2,1,0
1,433,Mave,0.2,None,100,2,5,4,14,0,2,1,2,1,0
1,434,Mave,0.2,None,100,2,5,4,13,0,2,1,2,1,0
1,435,Mave,0.2,None,100,2,5,4,4,0,2,1,2,1,0
1,436,Mave,0.2,None,100,2,5,4,1,0,2,1,2,1,0
1,437,Mave,0.2,None,100,2,5,4,14,0,2,1,2,1,0
1,438,Mave,0.2,None,100,2,5,4,6,0,2,1,2,1,0
1,439,Mave,0.2,None,100,2,5,4,13,0,2,1,2,1,0
1,440,Mave,0.2,None,100,2,5,4,8,0,2,1,2,1,0
1,441,Mave,0.2,None,100,2,5,4,10,0,2,1,2,1,0
1,442,Mave,0.2,None,100,2,5,4,6,0,2,1,2,1,0
1,443,Mave,0.2,None,100,2,5,4,10,0,2,1,2,1,0
1,444,Mave,0.2,None,100,2,5,4,12,0,2,1,2,1,0
1,445,Mave,0.2,None,100,2,5,4,1,0,2,1,2,1,0
1,446,Mave,0.2,None,100,2,5,4,1,0,2,1,2,1,0
1,447,Mave,0.2,None,100,2,5,4,5,0,2,1,2,1,0
1,448,Mave,0.2,None,100,2,5,4,7,0,2,1,2,1,0
1,449,Mave,0.2,None,100,2,5,4,2,1,2,1,2,1,0
1,450,Mave,0.2,None,100,2,5,4,14,0,2,1,2,1,0
1,451,Mave,0.2,None,100,2,5,4,4,0,2,1,2,1,0
1,452,Mave,0.2,None,100,2,5,4,8,0,2,1,2,1,0
1,453,Mave,0.2,None,100,2,5,4,11,0,2,1,2,1,0
1,454,Mave,0.2,None,100,2,5,4,12,0,2,1,2,1,0
1,455,Mave,0.2,None,100,2,5,4,8,0,2,1,2,1,0
1,456,Mave,0.2,None,100,2,5,4,5,0,2,1,2,1,0
1,457,Mave,0.2,None,100,2,5,4,4,0,2,1,2,1,0
1,458,Mave,0.2,None,100,2,5,4,8,0,2,1,2,1,0
1,459,Mave,0.2,None,100,2,5,4,1,0,2,1,2,1,0
1,460,Mave,0.2,None,100,2,5,4,13,0,2,1,2,1,0
1,461,Mave,0.2,None,100,2,5,4,1,0,2,1,2,1,0
1,462,Mave,0.2,None,100,2,5,4,14,0,2,1,2,1,0
1,463,Mave,0.2,None,100,2,5,4,6,0,2,1,2,1,0
1,464,Mave,0.2,None,100,2,5,4,7,0,2,1,2,1,0
1,465,Mave,0.2,None,100,2,5,2,1,0,2,1,2,1,0
1,466,Mave,0.2,None,100,2,5,4,4,0,2,1,2,1,0
1,467,Mave,0.2,None,100,2,5,4,1,0,2,1,2,1,0
1,468,Mave,0.2,None,100,2,5,4,6,0,2,1,2,1,0
1,469,Mave,0.2,None,100,2,5,4,5,0,2,1,5,0,0
1,470,Mave,0.2,None,100,2,5,4,13,0,5,0,5,0,0
1,471,Mave,0.2,None,100,2,5,4,13,0,5,0,5,0,0
1,472,Mave,0.2,None,100,2,5,4,12,0,5,0,5,0,0
1,473,Mave,0.2,None,100,2,5,4,10,0,5,0,5,0,0
1,474,Mave,0.2,None,100,2,5,4,11,0,5,0,5,0,0
1,475,Mave,0.2,None,100,2,5,4,13,0,5,0,5,0,0
1,476,Mave,0.2,None,100,2,5,4,11,0,5,0,5,0,0
1,477,Mave,0.2,None,100,2,5,4,4,0,5,0,5,0,0
1,478,Mave,0.2,None,100,2,5,4,8,0,5,0,5,0,0
1,479,Mave,0.2,None,100,2,5,4,13,0,5,0,5,0,0
1,480,Mave,0.2,None,100,2,5,4,3,0,5,0,5,0,0
1,481,Mave,0.2,None,100,2,5,4,2,1,5,0,2,1,0
1,482,Mave,0.2,None,100,2,5,4,7,0,2,1,2,1,0
1,483,Mave,0.2,None,100,2,5,4,8,0,2,1,2,1,0
1,484,Mave,0.2,None,100,2,5,4,8,0,2,1,2,1,0
1,485,Mave,0.2,None,100,2,5,4,9,0,2,1,2,1,0
1,486,Mave,0.2,None,100,2,5,4,9,0,2,1,2,1,0
1,487,Mave,0.2,None,100,2,5,4,12,0,2,1,2,1,0
1,488,Mave,0.2,None,100,2,5,4,5,0,2,1,2,1,0
1,489,Mave,0.2,None,100,2,5,4,14,0,2,1,2,1,0
1,490,Mave,0.2,None,100,2,5,4,8,0,2,1,2,1,0
1,491,Mave,0.2,None,100,2,5,4,2,1,2,1,2,1,0
1,492,Mave,0.2,None,100,2,5,4,7,0,2,1,2,1,0
1,493,Mave,0.2,None,100,2,5,4,14,0,2,1,2,1,0
1,494,Mave,0.2,None,100,2,5,4,3,0,2,1,2,1,0
1,495,Mave,0.2,None,100,2,5,4,14,0,2,1,2,1,0
1,496,Mave,0.2,None,100,2,5,4,11,0,2,1,2,1,0
1,497,Mave,0.2,None,100,2,5,4,2,1,2,1,2,1,0
1,498,Mave,0.2,None,100,2,5,4,13,0,2,1,2,1,0
1,499,Mave,0.2,None,100,2,5,4,8,0,2,1,2,1,0
1,500,Mave,0.2,None,100,2,5,4,7,0,2,1,2,1,0
1,501,Mave,0.2,None,100,2,5,4,10,0,2,1,2,1,0
1,502,Mave,0.2,None,100,2,5,4,7,0,2,1,2,1,0
1,503,Mave,0.2,None,100,2,5,4,13,0,2,1,2,1,0
1,504,Mave,0.2,None,100,2,5,4,3,0,2,1,2,1,0
1,505,Mave,0.2,None,100,2,5,4,4,0,2,1,2,1,0
1,506,Mave,0.2,None,100,2,5,4,6,0,2,1,2,1,0
1,507,Mave,0.2,None,100,2,5,4,8,0,2,1,2,1,0
1,508,Mave,0.2,None,100,2,5,4,13,0,2,1,2,1,0
1,509,Mave,0.2,None,100,2,5,4,1,0,2,1,2,1,0
1,510,Mave,0.2,None,100,2,5,4,2,1,2,1,2,1,0
1,511,Mave,0.2,None,100,2,5,4,7,0,2,1,2,1,0
1,512,Mave,0.2,None,100,2,5,4,10,0,2,1,10,0,0
1,513,Mave,0.2,None,100,2,5,4,6,0,10,0,10,0,0
1,514,Mave,0.2,None,100,2,5,4,6,0,10,0,10,0,0
1,515,Mave,0.2,None,100,2,5,4,12,0,10,0,12,0,0
1,516,Mave,0.2,None,100,2,5,4,1,0,12,0,12,0,0
1,517,Mave,0.2,None,100,2,5,4,3,0,12,0,12,0,0
1,518,Mave,0.2,None,100,2,5,4,8,0,12,0,8,0,0
1,519,Mave,0.2,None,100,2,5,4,1,0,8,0,8,0,0
1,520,Mave,0.2,None,100,2,5,4,1,0,8,0,8,0,0
1,521,Mave,0.2,None,100,2,5,4,2,1,8,0,2,1,0
1,522,Mave,0.2,None,100,2,5,4,12,0,2,1,2,1,0
1,523,Mave,0.2,None,100,2,5,4,7,0,2,1,2,1,0
1,524,Mave,0.2,None,100,2,5,4,4,0,2,1,2,1,0
1,525,Mave,0.2,None,100,2,5,4,12,0,2,1,2,1,0
1,526,Mave,0.2,None,100,2,5,4,5,0,2,1,2,1,0
1,527,Mave,0.2,None,100,2,5,4,14,0,2,1,2,1,0
1,528,Mave,0.2,None,100,2,5,4,2,1,2,1,2,1,0
1,529,Mave,0.2,None,100,2,5,4,8,0,2,1,2,1,0
1,530,Mave,0.2,None,100,2,5,4,14,0,2,1,2,1,0
1,531,Mave,0.2,None,100,2,5,4,14,0,2,1,2,1,0
1,532,Mave,0.2,None,100,2,5,4,10,0,2,1,2,1,0
1,533,Mave,0.2,None,100,2,5,4,2,1,2,1,2,1,0
1,534,Mave,0.2,None,100,2,5,4,1,0,2,1,2,1,0
1,535,Mave,0.2,None,100,2,5,4,6,0,2,1,2,1,0
1,536,Mave,0.2,None,100,2,5,4,7,0,2,1,2,1,0
1,537,Mave,0.2,None,100,2,5,4,10,0,2,1,2,1,0
1,538,Mave,0.2,None,100,2,5,4,9,0,2,1,2,1,0
1,539,Mave,0.2,None,100,2,5,4,13,0,2,1,2,1,0
1,540,Mave,0.2,None,100,2,5,4,12,0,2,1,2,1,0
1,541,Mave,0.2,None,100,2,5,4,9,0,2,1,2,1,0
1,542,Mave,0.2,None,100,2,5,4,8,0,2,1,2,1,0
1,543,Mave,0.2,None,100,2,5,4,8,0,2,1,2,1,0
1,544,Mave,0.2,None,100,2,5,4,14,0,2,1,2,1,0
1,545,Mave,0.2,None,100,2,5,4,4,0,2,1,2,1,0
1,546,Mave,0.2,None,100,2,5,4,10,0,2,1,2,1,0
1,547,Mave,0.2,None,100,2,5,4,4,0,2,1,2,1,0
1,548,Mave,0.2,None,100,2,5,4,3,0,2,1,2,1,0
1,549,Mave,0.2,None,100,2,5,4,8,0,2,1,2,1,0
1,550,Mave,0.2,None,100,2,5,4,5,0,2,1,2,1,0
1,551,Mave,0.2,None,100,2,5,4,7,0,2,1,7,0,0
1,552,Mave,0.2,None,100,2,5,4,4,0,7,0,4,0,0
1,553,Mave,0.2,None,100,2,5,4,1,0,4,0,4,0,0
1,554,Mave,0.2,None,100,2,5,4,14,0,4,0,4,0,0
1,555,Mave,0.2,None,100,2,5,4,3,0,4,0,4,0,0
1,556,Mave,0.2,None,100,2,5,4,13,0,4,0,4,0,0
1,557,Mave,0.2,None,100,2,5,4,14,0,4,0,4,0,0
1,558,Mave,0.2,None,100,2,5,4,12,0,4,0,4,0,0
1,559,Mave,0.2,None,100,2,5,4,8,0,4,0,4,0,0
1,560,Mave,0.2,None,100,2,5,4,6,0,4,0,4,0,0
1,561,Mave,0.2,None,100,2,5,4,13,0,4,0,4,0,0
1,562,Mave,0.2,None,100,2,5,4,13,0,4,0,4,0,0
1,563,Mave,0.2,None,100,2,5,4,14,0,4,0,4,0,0
1,564,Mave,0.2,None,100,2,5,4,1,0,4,0,4,0,0
1,565,Mave,0.2,None,100,2,5,4,7,0,4,0,4,0,0
1,566,Mave,0.2,None,100,2,5,4,12,0,4,0,4,0,0
1,567,Mave,0.2,None,100,2,5,4,4,0,4,0,4,0,0
1,568,Mave,0.2,None,100,2,5,4,13,0,4,0,4,0,0
1,569,Mave,0.2,None,100,2,5,4,13,0,4,0,4,0,0
1,570,Mave,0.2,None,100,2,5,4,13,0,4,0,4,0,0
1,571,Mave,0.2,None,100,2,5,4,8,0,4,0,4,0,0
1,572,Mave,0.2,None,100,2,5,4,6,0,4,0,4,0,0
1,573,Mave,0.2,None,100,2,5,4,11,0,4,0,4,0,0
1,574,Mave,0.2,None,100,2,5,2,3,0,4,0,4,0,0
1,575,Mave,0.2,None,100,2,5,4,12,0,4,0,4,0,0
1,576,Mave,0.2,None,100,2,5,4,13,0,4,0,4,0,0
1,577,Mave,0.2,None,100,2,5,4,9,0,4,0,4,0,0
1,578,Mave,0.2,None,100,2,5,4,9,0,4,0,4,0,0
1,579,Mave,0.2,None,100,2,5,4,10,0,4,0,4,0,0
1,580,Mave,0.2,None,100,2,5,4,13,0,4,0,4,0,0
1,581,Mave,0.2,None,100,2,5,4,5,0,4,0,4,0,0
1,582,Mave,0.2,None,100,2,5,4,14,0,4,0,4,0,0
1,583,Mave,0.2,None,100,2,5,4,2,1,4,0,2,1,0
1,584,Mave,0.2,None,100,2,5,4,1,0,2,1,2,1,0
1,585,Mave,0.2,None,100,2,5,4,4,0,2,1,2,1,0
1,586,Mave,0.2,None,100,2,5,4,12,0,2,1,2,1,0
1,587,Mave,0.2,None,100,2,5,4,3,0,2,1,2,1,0
1,588,Mave,0.2,None,100,2,5,4,12,0,2,1,2,1,0
1,589,Mave,0.2,None,100,2,5,4,5,0,2,1,2,1,0
1,590,Mave,0.2,None,100,2,5,4,11,0,2,1,2,1,0
1,591,Mave,0.2,None,100,2,5,4,3,0,2,1,2,1,0
1,592,Mave,0.2,None,100,2,5,3,5,0,2,1,2,1,0
1,593,Mave,0.2,None,100,2,5,4,4,0,2,1,2,1,0
1,594,Mave,0.2,None,100,2,5,4,12,0,2,1,2,1,0
1,595,Mave,0.2,None,100,2,5,4,8,0,2,1,2,1,0
1,596,Mave,0.2,None,100,2,5,4,5,0,2,1,2,1,0
1,597,Mave,0.2,None,100,2,5,4,12,0,2,1,2,1,0
1,598,Mave,0.2,None,100,2,5,4,9,0,2,1,2,1,0
1,599,Mave,0.2,None,100,2,5,4,7,0,2,1,2,1,0
1,600,Mave,0.2,None,100,2,5,4,10,0,2,1,2,1,0
1,601,Mave,0.2,None,100,2,5,4,12,0,2,1,2,1,0
1,602,Mave,0.2,None,100,2,5,4,8,0,2,1,2,1,0
1,603,Mave,0.2,None,100,2,5,4,7,0,2,1,2,1,0
1,604,Mave,0.2,None,100,2,5,4,12,0,2,1,2,1,0
1,605,Mave,0.2,None,100,2,5,4,11,0,2,1,2,1,0
1,606,Mave,0.2,None,100,2,5,4,12,0,2,1,2,1,0
1,607,Mave,0.2,None,100,2,5,4,2,1,2,1,2,1,0
1,608,Mave,0.2,None,100,2,5,4,5,0,2,1,2,1,0
1,609,Mave,0.2,None,100,2,5,4,5,0,2,1,2,1,0
1,610,Mave,0.2,None,100,2,5,4,1,0,2,1,2,1,0
1,611,Mave,0.2,None,100,2,5,4,12,0,2,1,2,1,0
1,612,Mave,0.2,None,100,2,5,4,2,1,2,1,2,1,0
1,613,Mave,0.2,None,100,2,5,4,2,1,2,1,2,1,0
1,614,Mave,0.2,None,100,2,5,4,14,0,2,1,2,1,0
1,615,Mave,0.2,None,100,2,5,4,14,0,2,1,2,1,0
1,616,Mave,0.2,None,100,2,5,4,1,0,2,1,2,1,0
1,617,Mave,0.2,None,100,2,5,4,13,0,2,1,2,1,0
1,618,Mave,0.2,None,100,2,5,4,3,0,2,1,2,1,0
1,619,Mave,0.2,None,100,2,5,4,7,0,2,1,2,1,0
1,620,Mave,0.2,None,100,2,5,4,7,0,2,1,2,1,0
1,621,Mave,0.2,None,100,2,5,4,11,0,2,1,2,1,0
1,622,Mave,0.2,None,100,2,5,4,11,0,2,1,2,1,0
1,623,Mave,0.2,None,100,2,5,4,3,0,2,1,2,1,0
1,624,Mave,0.2,None,100,2,5,4,2,1,2,1,2,1,0
1,625,Mave,0.2,None,100,2,5,4,13,0,2,1,2,1,0
1,626,Mave,0.2,None,100,2,5,4,5,0,2,1,2,1,0
1,627,Mave,0.2,None,100,2,5,4,8,0,2,1,2,1,0
1,628,Mave,0.2,None,100,2,5,2,1,0,2,1,2,1,0
1,629,Mave,0.2,None,100,2,5,4,2,1,2,1,2,1,0
1,630,Mave,0.2,None,100,2,5,4,8,0,2,1,2,1,0
1,631,Mave,0.2,None,100,2,5,4,7,0,2,1,2,1,0
1,632,Mave,0.2,None,100,2,5,4,13,0,2,1,2,1,0
1,633,Mave,0.2,None,100,2,5,4,14,0,2,1,2,1,0
1,634,Mave,0.2,None,100,2,5,4,12,0,2,1,2,1,0
1,635,Mave,0.2,None,100,2,5,4,2,1,2,1,2,1,0
1,636,Mave,0.2,None,100,2,5,4,4,0,2,1,2,1,0
1,637,Mave,0.2,None,100,2,5,4,13,0,2,1,2,1,0
1,638,Mave,0.2,None,100,2,5,4,2,1,2,1,2,1,0
1,639,Mave,0.2,None,100,2,5,4,13,0,2,1,2,1,0
1,640,Mave,0.2,None,100,2,5,4,11,0,2,1,11,0,0
1,641,Mave,0.2,None,100,2,5,4,8,0,11,0,8,0,0
1,642,Mave,0.2,None,100,2,5,4,14,0,8,0,8,0,0
1,643,Mave,0.2,None,100,2,5,4,6,0,8,0,8,0,0
1,644,Mave,0.2,None,100,2,5,4,6,0,8,0,8,0,0
1,645,Mave,0.2,None,100,2,5,4,4,0,8,0,4,0,0
1,646,Mave,0.2,None,100,2,5,4,14,0,4,0,4,0,0
1,647,Mave,0.2,None,100,2,5,4,2,1,4,0,2,1,0
1,648,Mave,0.2,None,100,2,5,4,13,0,2,1,2,1,0
1,649,Mave,0.2,None,100,2,5,4,12,0,2,1,2,1,0
1,650,Mave,0.2,None,100,2,5,4,7,0,2,1,2,1,0
1,651,Mave,0.2,None,100,2,5,4,11,0,2,1,2,1,0
1,652,Mave,0.2,None,100,2,5,4,12,0,2,1,2,1,0
1,653,Mave,0.2,None,100,2,5,4,11,0,2,1,2,1,0
1,654,Mave,0.2,None,100,2,5,4,9,0,2,1,2,1,0
1,655,Mave,0.2,None,100,2,5,4,6,0,2,1,2,1,0
1,656,Mave,0.2,None,100,2,5,4,14,0,2,1,2,1,0
1,657,Mave,0.2,None,100,2,5,4,10,0,2,1,2,1,0
1,658,Mave,0.2,None,100,2,5,4,6,0,2,1,2,1,0
1,659,Mave,0.2,None,100,2,5,4,11,0,2,1,2,1,0
1,660,Mave,0.2,None,100,2,5,4,3,0,2,1,2,1,0
1,661,Mave,0.2,None,100,2,5,4,4,0,2,1,2,1,0
1,662,Mave,0.2,None,100,2,5,4,1,0,2,1,2,1,0
1,663,Mave,0.2,None,100,2,5,4,7,0,2,1,2,1,0
1,664,Mave,0.2,None,100,2,5,4,9,0,2,1,2,1,0
1,665,Mave,0.2,None,100,2,5,4,8,0,2,1,2,1,0
1,666,Mave,0.2,None,100,2,5,4,10,0,2,1,2,1,0
1,667,Mave,0.2,None,100,2,5,4,13,0,2,1,2,1,0
1,668,Mave,0.2,None,100,2,5,4,13,0,2,1,2,1,0
1,669,Mave,0.2,None,100,2,5,4,12,0,2,1,2,1,0
1,670,Mave,0.2,None,100,2,5,4,12,0,2,1,2,1,0
1,671,Mave,0.2,None,100,2,5,4,14,0,2,1,2,1,0
1,672,Mave,0.2,None,100,2,5,4,6,0,2,1,2,1,0
1,673,Mave,0.2,None,100,2,5,4,3,0,2,1,2,1,0
1,674,Mave,0.2,None,100,2,5,4,12,0,2,1,2,1,0
1,675,Mave,0.2,None,100,2,5,4,11,0,2,1,2,1,0
1,676,Mave,0.2,None,100,2,5,4,9,0,2,1,2,1,0
1,677,Mave,0.2,None,100,2,5,4,3,0,2,1,2,1,0
1,678,Mave,0.2,None,100,2,5,4,11,0,2,1,2,1,0
1,679,Mave,0.2,None,100,2,5,4,4,0,2,1,2,1,0
1,680,Mave,0.2,None,100,2,5,4,13,0,2,1,2,1,0
1,681,Mave,0.2,None,100,2,5,4,6,0,2,1,2,1,0
1,682,Mave,0.2,None,100,2,5,4,7,0,2,1,2,1,0
1,683,Mave,0.2,None,100,2,5,4,12,0,2,1,2,1,0
1,684,Mave,0.2,None,100,2,5,4,13,0,2,1,2,1,0
1,685,Mave,0.2,None,100,2,5,4,4,0,2,1,2,1,0
1,686,Mave,0.2,None,100,2,5,4,4,0,2,1,2,1,0
1,687,Mave,0.2,None,100,2,5,4,3,0,2,1,2,1,0
1,688,Mave,0.2,None,100,2,5,4,14,0,2,1,2,1,0
1,689,Mave,0.2,None,100,2,5,4,14,0,2,1,2,1,0
1,690,Mave,0.2,None,100,2,5,4,9,0,2,1,2,1,0
1,691,Mave,0.2,None,100,2,5,4,7,0,2,1,2,1,0
1,692,Mave,0.2,None,100,2,5,4,14,0,2,1,2,1,0
1,693,Mave,0.2,None,100,2,5,4,11,0,2,1,2,1,0
1,694,Mave,0.2,None,100,2,5,4,12,0,2,1,2,1,0
1,695,Mave,0.2,None,100,2,5,4,6,0,2,1,2,1,0
1,696,Mave,0.2,None,100,2,5,4,7,0,2,1,2,1,0
1,697,Mave,0.2,None,100,2,5,4,3,0,2,1,2,1,0
1,698,Mave,0.2,None,100,2,5,4,10,0,2,1,2,1,0
1,699,Mave,0.2,None,100,2,5,4,6,0,2,1,2,1,0
1,700,Mave,0.2,None,100,2,5,4,14,0,2,1,2,1,0
1,701,Mave,0.2,None,100,2,5,4,11,0,2,1,2,1,0
1,702,Mave,0.2,None,100,2,5,4,3,0,2,1,2,1,0
1,703,Mave,0.2,None,100,2,5,4,5,0,2,1,2,1,0
1,704,Mave,0.2,None,100,2,5,4,4,0,2,1,2,1,0
1,705,Mave,0.2,None,100,2,5,4,14,0,2,1,2,1,0
1,706,Mave,0.2,None,100,2,5,4,7,0,2,1,2,1,0
1,707,Mave,0.2,None,100,2,5,4,4,0,2,1,2,1,0
1,708,Mave,0.2,None,100,2,5,4,10,0,2,1,2,1,0
1,709,Mave,0.2,None,100,2,5,4,14,0,2,1,2,1,0
1,710,Mave,0.2,None,100,2,5,4,1,0,2,1,2,1,0
1,711,Mave,0.2,None,100,2,5,4,8,0,2,1,2,1,0
1,712,Mave,0.2,None,100,2,5,4,12,0,2,1,2,1,0
1,713,Mave,0.2,None,100,2,5,4,10,0,2,1,2,1,0
1,714,Mave,0.2,None,100,2,5,4,6,0,2,1,2,1,0
1,715,Mave,0.2,None,100,2,5,4,6,0,2,1,2,1,0
1,716,Mave,0.2,None,100,2,5,4,9,0,2,1,2,1,0
1,717,Mave,0.2,None,100,2,5,4,6,0,2,1,2,1,0
1,718,Mave,0.2,None,100,2,5,4,14,0,2,1,2,1,0
1,719,Mave,0.2,None,100,2,5,4,1,0,2,1,2,1,0
1,720,Mave,0.2,None,100,2,5,4,5,0,2,1,2,1,0
1,721,Mave,0.2,None,100,2,5,4,11,0,2,1,2,1,0
1,722,Mave,0.2,None,100,2,5,4,6,0,2,1,2,1,0
1,723,Mave,0.2,None,100,2,5,4,14,0,2,1,2,1,0
1,724,Mave,0.2,None,100,2,5,4,11,0,2,1,2,1,0
1,725,Mave,0.2,None,100,2,5,4,6,0,2,1,2,1,0
1,726,Mave,0.2,None,100,2,5,4,14,0,2,1,2,1,0
1,727,Mave,0.2,None,100,2,5,4,7,0,2,1,2,1,0
1,728,Mave,0.2,None,100,2,5,2,1,0,2,1,2,1,0
1,729,Mave,0.2,None,100,2,5,4,3,0,2,1,2,1,0
1,730,Mave,0.2,None,100,2,5,4,14,0,2,1,2,1,0
1,731,Mave,0.2,None,100,2,5,4,13,0,2,1,2,1,0
1,732,Mave,0.2,None,100,2,5,4,8,0,2,1,2,1,0
1,733,Mave,0.2,None,100,2,5,4,6,0,2,1,2,1,0
1,734,Mave,0.2,None,100,2,5,4,11,0,2,1,2,1,0
1,735,Mave,0.2,None,100,2,5,4,2,1,2,1,2,1,0
1,736,Mave,0.2,None,100,2,5,4,5,0,2,1,2,1,0
1,737,Mave,0.2,None,100,2,5,4,5,0,2,1,2,1,0
1,738,Mave,0.2,None,100,2,5,4,3,0,2,1,2,1,0
1,739,Mave,0.2,None,100,2,5,4,10,0,2,1,2,1,0
1,740,Mave,0.2,None,100,2,5,4,6,0,2,1,2,1,0
1,741,Mave,0.2,None,100,2,5,4,6,0,2,1,2,1,0
1,742,Mave,0.2,None,100,2,5,4,1,0,2,1,2,1,0
1,743,Mave,0.2,None,100,2,5,4,8,0,2,1,2,1,0
1,744,Mave,0.2,None,100,2,5,4,11,0,2,1,2,1,0
1,745,Mave,0.2,None,100,2,5,4,7,0,2,1,2,1,0
1,746,Mave,0.2,None,100,2,5,4,9,0,2,1,2,1,0
1,747,Mave,0.2,None,100,2,5,4,14,0,2,1,2,1,0
1,748,Mave,0.2,None,100,2,5,4,6,0,2,1,2,1,0
1,749,Mave,0.2,None,100,2,5,4,6,0,2,1,2,1,0
1,750,Mave,0.2,None,100,2,5,4,10,0,2,1,2,1,0
1,751,Mave,0.2,None,100,2,5,4,13,0,2,1,2,1,0
1,752,Mave,0.2,None,100,2,5,4,11,0,2,1,2,1,0
1,753,Mave,0.2,None,100,2,5,4,13,0,2,1,2,1,0
1,754,Mave,0.2,None,100,2,5,4,4,0,2,1,2,1,0
1,755,Mave,0.2,None,100,2,5,4,7,0,2,1,2,1,0
1,756,Mave,0.2,None,100,2,5,4,2,1,2,1,2,1,0
1,757,Mave,0.2,None,100,2,5,4,1,0,2,1,2,1,0
1,758,Mave,0.2,None,100,2,5,4,6,0,2,1,2,1,0
1,759,Mave,0.2,None,100,2,5,4,2,1,2,1,2,1,0
1,760,Mave,0.2,None,100,2,5,4,10,0,2,1,2,1,0
1,761,Mave,0.2,None,100,2,5,4,13,0,2,1,2,1,0
1,762,Mave,0.2,None,100,2,5,4,7,0,2,1,2,1,0
1,763,Mave,0.2,None,100,2,5,4,12,0,2,1,2,1,0
1,764,Mave,0.2,None,100,2,5,4,8,0,2,1,2,1,0
1,765,Mave,0.2,None,100,2,5,4,6,0,2,1,2,1,0
1,766,Mave,0.2,None,100,2,5,4,13,0,2,1,2,1,0
1,767,Mave,0.2,None,100,2,5,4,7,0,2,1,2,1,0
1,768,Mave,0.2,None,100,2,5,4,1,0,2,1,2,1,0
1,769,Mave,0.2,None,100,2,5,4,1,0,2,1,2,1,0
1,770,Mave,0.2,None,100,2,5,4,7,0,2,1,2,1,0
1,771,Mave,0.2,None,100,2,5,4,9,0,2,1,2,1,0
1,772,Mave,0.2,None,100,2,5,4,8,0,2,1,2,1,0
1,773,Mave,0.2,None,100,2,5,4,12,0,2,1,2,1,0
1,774,Mave,0.2,None,100,2,5,4,11,0,2,1,2,1,0
1,775,Mave,0.2,None,100,2,5,4,14,0,2,1,2,1,0
1,776,Mave,0.2,None,100,2,5,4,1,0,2,1,2,1,0
1,777,Mave,0.2,None,100,2,5,4,7,0,2,1,2,1,0
1,778,Mave,0.2,None,100,2,5,4,12,0,2,1,2,1,0
1,779,Mave,0.2,None,100,2,5,4,9,0,2,1,2,1,0
1,780,Mave,0.2,None,100,2,5,4,4,0,2,1,2,1,0
1,781,Mave,0.2,None,100,2,5,4,13,0,2,1,2,1,0
1,782,Mave,0.2,None,100,2,5,4,5,0,2,1,2,1,0
1,783,Mave,0.2,None,100,2,5,4,14,0,2,1,2,1,0
1,784,Mave,0.2,None,100,2,5,4,12,0,2,1,2,1,0
1,785,Mave,0.2,None,100,2,5,4,13,0,2,1,2,1,0
1,786,Mave,0.2,None,100,2,5,4,7,0,2,1,2,1,0
1,787,Mave,0.2,None,100,2,5,4,10,0,2,1,2,1,0
1,788,Mave,0.2,None,100,2,5,4,11,0,2,1,2,1,0
1,789,Mave,0.2,None,100,2,5,4,1,0,2,1,2,1,0
1,790,Mave,0.2,None,100,2,5,4,3,0,2,1,2,1,0
1,791,Mave,0.2,None,100,2,5,4,4,0,2,1,2,1,0
1,792,Mave,0.2,None,100,2,5,4,12,0,2,1,2,1,0
1,793,Mave,0.2,None,100,2,5,4,12,0,2,1,2,1,0
1,794,Mave,0.2,None,100,2,5,4,8,0,2,1,2,1,0
1,795,Mave,0.2,None,100,2,5,4,6,0,2,1,2,1,0
1,796,Mave,0.2,None,100,2,5,4,13,0,2,1,2,1,0
1,797,Mave,0.2,None,100,2,5,4,12,0,2,1,2,1,0
1,798,Mave,0.2,None,100,2,5,4,6,0,2,1,2,1,0
1,799,Mave,0.2,None,100,2,5,4,14,0,2,1,2,1,0
1,800,Mave,0.2,None,100,2,5,4,10,0,2,1,2,1,0
1,801,Mave,0.2,None,100,2,5,4,13,0,2,1,2,1,0
1,802,Mave,0.2,None,100,2,5,4,7,0,2,1,2,1,0
1,803,Mave,0.2,None,100,2,5,4,5,0,2,1,2,1,0
1,804,Mave,0.2,None,100,2,5,4,13,0,2,1,2,1,0
1,805,Mave,0.2,None,100,2,5,4,11,0,2,1,2,1,0
1,806,Mave,0.2,None,100,2,5,4,7,0,2,1,2,1,0
1,807,Mave,0.2,None,100,2,5,4,9,0,2,1,2,1,0
1,808,Mave,0.2,None,100,2,5,4,14,0,2,1,2,1,0
1,809,Mave,0.2,None,100,2,5,4,2,1,2,1,2,1,0
1,810,Mave,0.2,None,100,2,5,4,14,0,2,1,2,1,0
1,811,Mave,0.2,None,100,2,5,4,10,0,2,1,2,1,0
1,812,Mave,0.2,None,100,2,5,4,1,0,2,1,2,1,0
1,813,Mave,0.2,None,100,2,5,4,3,0,2,1,2,1,0
1,814,Mave,0.2,None,100,2,5,4,2,1,2,1,2,1,0
1,815,Mave,0.2,None,100,2,5,4,9,0,2,1,2,1,0
1,816,Mave,0.2,None,100,2,5,4,6,0,2,1,2,1,0
1,817,Mave,0.2,None,100,2,5,4,6,0,2,1,2,1,0
1,818,Mave,0.2,None,100,2,5,4,4,0,2,1,2,1,0
1,819,Mave,0.2,None,100,2,5,4,8,0,2,1,2,1,0
1,820,Mave,0.2,None,100,2,5,4,2,1,2,1,2,1,0
1,821,Mave,0.2,None,100,2,5,4,2,1,2,1,2,1,0
1,822,Mave,0.2,None,100,2,5,4,11,0,2,1,2,1,0
1,823,Mave,0.2,None,100,2,5,4,12,0,2,1,2,1,0
1,824,Mave,0.2,None,100,2,5,4,8,0,2,1,2,1,0
1,825,Mave,0.2,None,100,2,5,4,8,0,2,1,2,1,0
1,826,Mave,0.2,None,100,2,5,4,2,1,2,1,2,1,0
1,827,Mave,0.2,None,100,2,5,4,11,0,2,1,2,1,0
1,828,Mave,0.2,None,100,2,5,4,14,0,2,1,2,1,0
1,829,Mave,0.2,None,100,2,5,4,5,0,2,1,2,1,0
1,830,Mave,0.2,None,100,2,5,4,11,0,2,1,2,1,0
1,831,Mave,0.2,None,100,2,5,4,8,0,2,1,2,1,0
1,832,Mave,0.2,None,100,2,5,4,11,0,2,1,2,1,0
1,833,Mave,0.2,None,100,2,5,4,10,0,2,1,2,1,0
1,834,Mave,0.2,None,100,2,5,4,1,0,2,1,2,1,0
1,835,Mave,0.2,None,100,2,5,4,12,0,2,1,2,1,0
1,836,Mave,0.2,None,100,2,5,4,4,0,2,1,2,1,0
1,837,Mave,0.2,None,100,2,5,4,5,0,2,1,2,1,0
1,838,Mave,0.2,None,100,2,5,4,8,0,2,1,2,1,0
1,839,Mave,0.2,None,100,2,5,4,3,0,2,1,2,1,0
1,840,Mave,0.2,None,100,2,5,4,13,0,2,1,2,1,0
1,841,Mave,0.2,None,100,2,5,4,9,0,2,1,9,0,0
1,842,Mave,0.2,None,100,2,5,4,12,0,9,0,9,0,0
1,843,Mave,0.2,None,100,2,5,4,2,1,9,0,2,1,0
1,844,Mave,0.2,None,100,2,5,4,4,0,2,1,2,1,0
1,845,Mave,0.2,None,100,2,5,4,7,0,2,1,2,1,0
1,846,Mave,0.2,None,100,2,5,4,4,0,2,1,2,1,0
1,847,Mave,0.2,None,100,2,5,4,2,1,2,1,2,1,0
1,848,Mave,0.2,None,100,2,5,4,11,0,2,1,2,1,0
1,849,Mave,0.2,None,100,2,5,4,11,0,2,1,2,1,0
1,850,Mave,0.2,None,100,2,5,4,3,0,2,1,2,1,0
1,851,Mave,0.2,None,100,2,5,4,2,1,2,1,2,1,0
1,852,Mave,0.2,None,100,2,5,4,8,0,2,1,2,1,0
1,853,Mave,0.2,None,100,2,5,4,7,0,2,1,2,1,0
1,854,Mave,0.2,None,100,2,5,4,4,0,2,1,2,1,0
1,855,Mave,0.2,None,100,2,5,4,7,0,2,1,2,1,0
1,856,Mave,0.2,None,100,2,5,4,5,0,2,1,2,1,0
1,857,Mave,0.2,None,100,2,5,4,11,0,2,1,2,1,0
1,858,Mave,0.2,None,100,2,5,4,3,0,2,1,2,1,0
1,859,Mave,0.2,None,100,2,5,4,9,0,2,1,2,1,0
1,860,Mave,0.2,None,100,2,5,4,4,0,2,1,4,0,0
1,861,Mave,0.2,None,100,2,5,4,1,0,4,0,4,0,0
1,862,Mave,0.2,None,100,2,5,4,12,0,4,0,4,0,0
1,863,Mave,0.2,None,100,2,5,4,9,0,4,0,4,0,0
1,864,Mave,0.2,None,100,2,5,4,9,0,4,0,4,0,0
1,865,Mave,0.2,None,100,2,5,4,3,0,4,0,4,0,0
1,866,Mave,0.2,None,100,2,5,4,1,0,4,0,4,0,0
1,867,Mave,0.2,None,100,2,5,4,4,0,4,0,4,0,0
1,868,Mave,0.2,None,100,2,5,4,3,0,4,0,4,0,0
1,869,Mave,0.2,None,100,2,5,4,3,0,4,0,4,0,0
1,870,Mave,0.2,None,100,2,5,4,11,0,4,0,4,0,0
1,871,Mave,0.2,None,100,2,5,4,10,0,4,0,4,0,0
1,872,Mave,0.2,None,100,2,5,4,11,0,4,0,4,0,0
1,873,Mave,0.2,None,100,2,5,4,13,0,4,0,4,0,0
1,874,Mave,0.2,None,100,2,5,4,12,0,4,0,4,0,0
1,875,Mave,0.2,None,100,2,5,4,12,0,4,0,4,0,0
1,876,Mave,0.2,None,100,2,5,4,1,0,4,0,4,0,0
1,877,Mave,0.2,None,100,2,5,4,5,0,4,0,5,0,0
1,878,Mave,0.2,None,100,2,5,4,4,0,5,0,5,0,0
1,879,Mave,0.2,None,100,2,5,4,9,0,5,0,5,0,0
1,880,Mave,0.2,None,100,2,5,4,7,0,5,0,5,0,0
1,881,Mave,0.2,None,100,2,5,4,6,0,5,0,5,0,0
1,882,Mave,0.2,None,100,2,5,4,12,0,5,0,5,0,0
1,883,Mave,0.2,None,100,2,5,4,6,0,5,0,5,0,0
1,884,Mave,0.2,None,100,2,5,4,13,0,5,0,5,0,0
1,885,Mave,0.2,None,100,2,5,4,4,0,5,0,5,0,0
1,886,Mave,0.2,None,100,2,5,3,5,0,5,0,5,0,0
1,887,Mave,0.2,None,100,2,5,4,13,0,5,0,5,0,0
1,888,Mave,0.2,None,100,2,5,4,9,0,5,0,5,0,0
1,889,Mave,0.2,None,100,2,5,4,10,0,5,0,5,0,0
1,890,Mave,0.2,None,100,2,5,4,10,0,5,0,5,0,0
1,891,Mave,0.2,None,100,2,5,4,1,0,5,0,5,0,0
1,892,Mave,0.2,None,100,2,5,4,13,0,5,0,5,0,0
1,893,Mave,0.2,None,100,2,5,4,4,0,5,0,5,0,0
1,894,Mave,0.2,None,100,2,5,4,5,0,5,0,5,0,0
1,895,Mave,0.2,None,100,2,5,4,10,0,5,0,5,0,0
1,896,Mave,0.2,None,100,2,5,4,5,0,5,0,5,0,0
1,897,Mave,0.2,None,100,2,5,4,1,0,5,0,5,0,0
1,898,Mave,0.2,None,100,2,5,4,9,0,5,0,5,0,0
1,899,Mave,0.2,None,100,2,5,4,6,0,5,0,5,0,0
1,900,Mave,0.2,None,100,2,5,4,11,0,5,0,5,0,0
1,901,Mave,0.2,None,100,2,5,4,9,0,5,0,5,0,0
1,902,Mave,0.2,None,100,2,5,4,4,0,5,0,5,0,0
1,903,Mave,0.2,None,100,2,5,4,1,0,5,0,5,0,0
1,904,Mave,0.2,None,100,2,5,4,9,0,5,0,5,0,0
1,905,Mave,0.2,None,100,2,5,4,10,0,5,0,5,0,0
1,906,Mave,0.2,None,100,2,5,4,11,0,5,0,5,0,0
1,907,Mave,0.2,None,100,2,5,4,13,0,5,0,5,0,0
1,908,Mave,0.2,None,100,2,5,4,4,0,5,0,4,0,0
1,909,Mave,0.2,None,100,2,5,4,1,0,4,0,4,0,0
1,910,Mave,0.2,None,100,2,5,4,5,0,4,0,5,0,0
1,911,Mave,0.2,None,100,2,5,4,5,0,5,0,5,0,0
1,912,Mave,0.2,None,100,2,5,4,2,1,5,0,2,1,0
1,913,Mave,0.2,None,100,2,5,4,3,0,2,1,2,1,0
1,914,Mave,0.2,None,100,2,5,4,6,0,2,1,2,1,0
1,915,Mave,0.2,None,100,2,5,1,6,0,2,1,2,1,1
1,916,Mave,0.2,None,100,2,5,4,6,0,2,1,2,1,0
1,917,Mave,0.2,None,100,2,5,4,5,0,2,1,2,1,0
1,918,Mave,0.2,None,100,2,5,4,10,0,2,1,2,1,0
1,919,Mave,0.2,None,100,2,5,4,5,0,2,1,2,1,0
1,920,Mave,0.2,None,100,2,5,4,11,0,2,1,2,1,0
1,921,Mave,0.2,None,100,2,5,4,6,0,2,1,2,1,0
1,922,Mave,0.2,None,100,2,5,4,6,0,2,1,2,1,0
1,923,Mave,0.2,None,100,2,5,4,5,0,2,1,2,1,0
1,924,Mave,0.2,None,100,2,5,4,13,0,2,1,2,1,0
1,925,Mave,0.2,None,100,2,5,4,8,0,2,1,2,1,0
1,926,Mave,0.2,None,100,2,5,4,2,1,2,1,2,1,0
1,927,Mave,0.2,None,100,2,5,4,6,0,2,1,2,1,0
1,928,Mave,0.2,None,100,2,5,4,10,0,2,1,2,1,0
1,929,Mave,0.2,None,100,2,5,4,12,0,2,1,2,1,0
1,930,Mave,0.2,None,100,2,5,4,6,0,2,1,2,1,0
1,931,Mave,0.2,None,100,2,5,4,13,0,2,1,2,1,0
1,932,Mave,0.2,None,100,2,5,4,5,0,2,1,2,1,0
1,933,Mave,0.2,None,100,2,5,4,9,0,2,1,2,1,0
1,934,Mave,0.2,None,100,2,5,4,12,0,2,1,2,1,0
1,935,Mave,0.2,None,100,2,5,4,2,1,2,1,2,1,0
1,936,Mave,0.2,None,100,2,5,4,14,0,2,1,2,1,0
1,937,Mave,0.2,None,100,2,5,4,5,0,2,1,2,1,0
1,938,Mave,0.2,None,100,2,5,4,14,0,2,1,2,1,0
1,939,Mave,0.2,None,100,2,5,4,2,1,2,1,2,1,0
1,940,Mave,0.2,None,100,2,5,4,12,0,2,1,2,1,0
1,941,Mave,0.2,None,100,2,5,4,10,0,2,1,2,1,0
1,942,Mave,0.2,None,100,2,5,4,7,0,2,1,2,1,0
1,943,Mave,0.2,None,100,2,5,4,6,0,2,1,2,1,0
1,944,Mave,0.2,None,100,2,5,4,10,0,2,1,2,1,0
1,945,Mave,0.2,None,100,2,5,4,2,1,2,1,2,1,0
1,946,Mave,0.2,None,100,2,5,4,9,0,2,1,2,1,0
1,947,Mave,0.2,None,100,2,5,4,13,0,2,1,2,1,0
1,948,Mave,0.2,None,100,2,5,4,10,0,2,1,2,1,0
1,949,Mave,0.2,None,100,2,5,4,10,0,2,1,2,1,0
1,950,Mave,0.2,None,100,2,5,4,7,0,2,1,2,1,0
1,951,Mave,0.2,None,100,2,5,4,3,0,2,1,2,1,0
1,952,Mave,0.2,None,100,2,5,4,12,0,2,1,2,1,0
1,953,Mave,0.2,None,100,2,5,4,12,0,2,1,2,1,0
1,954,Mave,0.2,None,100,2,5,4,3,0,2,1,2,1,0
1,955,Mave,0.2,None,100,2,5,4,6,0,2,1,2,1,0
1,956,Mave,0.2,None,100,2,5,4,6,0,2,1,2,1,0
1,957,Mave,0.2,None,100,2,5,4,8,0,2,1,2,1,0
1,958,Mave,0.2,None,100,2,5,4,5,0,2,1,2,1,0
1,959,Mave,0.2,None,100,2,5,4,4,0,2,1,2,1,0
1,960,Mave,0.2,None,100,2,5,4,1,0,2,1,2,1,0
1,961,Mave,0.2,None,100,2,5,4,12,0,2,1,2,1,0
1,962,Mave,0.2,None,100,2,5,4,8,0,2,1,2,1,0
1,963,Mave,0.2,None,100,2,5,4,12,0,2,1,2,1,0
1,964,Mave,0.2,None,100,2,5,4,9,0,2,1,2,1,0
1,965,Mave,0.2,None,100,2,5,4,3,0,2,1,2,1,0
1,966,Mave,0.2,None,100,2,5,4,12,0,2,1,2,1,0
1,967,Mave,0.2,None,100,2,5,4,10,0,2,1,2,1,0
1,968,Mave,0.2,None,100,2,5,4,13,0,2,1,2,1,0
1,969,Mave,0.2,None,100,2,5,4,4,0,2,1,2,1,0
1,970,Mave,0.2,None,100,2,5,4,11,0,2,1,2,1,0
1,971,Mave,0.2,None,100,2,5,4,2,1,2,1,2,1,0
1,972,Mave,0.2,None,100,2,5,4,10,0,2,1,2,1,0
1,973,Mave,0.2,None,100,2,5,4,5,0,2,1,2,1,0
1,974,Mave,0.2,None,100,2,5,4,11,0,2,1,2,1,0
1,975,Mave,0.2,None,100,2,5,4,8,0,2,1,2,1,0
1,976,Mave,0.2,None,100,2,5,4,10,0,2,1,2,1,0
1,977,Mave,0.2,None,100,2,5,4,4,0,2,1,2,1,0
1,978,Mave,0.2,None,100,2,5,4,10,0,2,1,2,1,0
1,979,Mave,0.2,None,100,2,5,4,9,0,2,1,2,1,0
1,980,Mave,0.2,None,100,2,5,4,3,0,2,1,2,1,0
1,981,Mave,0.2,None,100,2,5,4,4,0,2,1,2,1,0
1,982,Mave,0.2,None,100,2,5,4,4,0,2,1,2,1,0
1,983,Mave,0.2,None,100,2,5,4,2,1,2,1,2,1,0
1,984,Mave,0.2,None,100,2,5,4,12,0,2,1,2,1,0
1,985,Mave,0.2,None,100,2,5,4,12,0,2,1,2,1,0
1,986,Mave,0.2,None,100,2,5,4,10,0,2,1,2,1,0
1,987,Mave,0.2,None,100,2,5,4,4,0,2,1,2,1,0
1,988,Mave,0.2,None,100,2,5,4,2,1,2,1,2,1,0
1,989,Mave,0.2,None,100,2,5,4,5,0,2,1,2,1,0
1,990,Mave,0.2,None,100,2,5,4,6,0,2,1,2,1,0
1,991,Mave,0.2,None,100,2,5,4,14,0,2,1,2,1,0
1,992,Mave,0.2,None,100,2,5,4,4,0,2,1,2,1,0
1,993,Mave,0.2,None,100,2,5,4,1,0,2,1,2,1,0
1,994,Mave,0.2,None,100,2,5,4,12,0,2,1,2,1,0
1,995,Mave,0.2,None,100,2,5,4,10,0,2,1,2,1,0
1,996,Mave,0.2,None,100,2,5,4,1,0,2,1,2,1,0
1,997,Mave,0.2,None,100,2,5,4,6,0,2,1,2,1,0
1,998,Mave,0.2,None,100,2,5,4,1,0,2,1,2,1,0
1,999,Mave,0.2,None,100,2,5,4,9,0,2,1,2,1,0
1,1000,Mave,0.2,None,100,2,5,4,13,0,2,1,2,1,0
