orig_type,old_model,selected_model,count
Tess,2,1,2
Tess,2,2,1
Tess,2,4,2
Tess,3,1,1
Tess,3,4,1
Tess,4,3,1
Tess,4,4,1
Tess,5,7,1
Tess,6,1,3
Tess,6,6,5
Tess,6,8,5
Tess,7,3,5
Tess,7,5,2
Tess,7,7,5
Tess,8,2,1
Tess,8,6,5
Tess,8,8,1
Tess,9,2,1
Tess,9,3,10
Tess,9,9,1
Tess,10,5,47
Tess,10,6,85
Tess,10,10,39
Tess,11,3,9
Tess,11,5,6
Tess,11,11,6
Tess,12,2,171
Tess,12,6,363
Tess,12,12,157
Tess,13,5,7490
Tess,13,6,14784
Tess,13,13,7345
Tess,14,5,23729
Tess,14,6,47344
Tess,14,14,23774
Tess,1,2,1
Tess,1,3,5
Tess,2,1,16689
Tess,2,2,8387
Tess,2,4,8241
Tess,3,1,1
Tess,3,4,2
Tess,4,2,2437
Tess,4,3,4928
Tess,4,4,2424
Tess,5,1,24928
Tess,5,5,12505
Tess,5,7,12568
Tess,6,8,1
Tess,7,3,3508
Tess,7,5,1819
Tess,7,7,1812
Tess,8,2,1164
Tess,8,6,2347
Tess,8,8,1186
Tess,9,2,1113
Tess,9,3,2428
Tess,9,9,1116
Tess,10,5,778
Tess,10,6,1583
Tess,10,10,768
Tess,11,3,1497
Tess,11,5,770
Tess,11,11,720
Tess,12,2,804
Tess,12,6,1610
Tess,12,12,763
Tess,13,5,565
Tess,13,6,1122
Tess,13,13,589
Tess,14,5,969
Tess,14,6,1884
Tess,14,14,975
Tess,1,3,3
Tess,3,1,1
Tess,3,3,1
Tess,3,4,2
Tess,4,2,163
Tess,4,3,270
Tess,4,4,151
Tess,5,1,619
Tess,5,5,292
Tess,5,7,304
Tess,6,6,1
Tess,6,8,2
Tess,7,3,13760
Tess,7,5,6805
Tess,7,7,6809
Tess,8,2,80
Tess,8,6,154
Tess,8,8,79
Tess,9,2,117
Tess,9,3,211
Tess,9,9,113
Tess,10,5,5108
Tess,10,6,10420
Tess,10,10,5150
Tess,11,3,10158
Tess,11,5,5025
Tess,11,11,5177
Tess,12,2,58
Tess,12,6,102
Tess,12,12,36
Tess,13,5,4419
Tess,13,6,8921
Tess,13,13,4417
Tess,14,5,8975
Tess,14,6,17980
Tess,14,14,8992
Tess,1,3,1
Tess,2,1,2
Tess,2,2,1
Tess,2,4,2
Tess,3,1,1
Tess,3,4,3
Tess,4,2,1
Tess,4,3,2
Tess,4,4,1
Tess,5,7,1
Tess,6,1,2
Tess,6,6,3
Tess,6,8,4
Tess,7,3,4
Tess,7,5,2
Tess,7,7,9
Tess,8,2,1
Tess,8,6,4
Tess,8,8,1
Tess,9,2,1
Tess,9,3,10
Tess,9,9,1
Tess,10,5,129
Tess,10,6,247
Tess,10,10,129
Tess,11,3,17
Tess,11,5,8
Tess,11,11,6
Tess,12,2,510
Tess,12,6,974
Tess,12,12,476
Tess,13,5,18637
Tess,13,6,37642
Tess,13,13,18667
Tess,14,5,12016
Tess,14,6,23978
Tess,14,14,11910
Tess,1,2,1
Tess,1,3,5
Tess,2,1,42301
Tess,2,2,21309
Tess,2,4,21487
Tess,3,1,1
Tess,3,4,2
Tess,4,2,1464
Tess,4,3,3025
Tess,4,4,1484
Tess,5,1,15320
Tess,5,5,7600
Tess,5,7,7709
Tess,6,8,1
Tess,7,3,580
Tess,7,5,277
Tess,7,7,293
Tess,8,2,229
Tess,8,6,395
Tess,8,8,199
Tess,9,2,202
Tess,9,3,352
Tess,9,9,192
Tess,10,5,31
Tess,10,6,66
Tess,10,10,42
Tess,11,3,80
Tess,11,5,49
Tess,11,11,46
Tess,12,2,44
Tess,12,6,98
Tess,12,12,34
Tess,13,5,17
Tess,13,6,35
Tess,13,13,11
Tess,14,5,6
Tess,14,6,17
Tess,14,14,3
Tess,1,2,1
Tess,1,3,2
Tess,2,1,21
Tess,2,2,5
Tess,2,4,9
Tess,3,3,1
Tess,3,4,2
Tess,4,2,464
Tess,4,3,958
Tess,4,4,488
Tess,5,1,1140
Tess,5,5,599
Tess,5,7,547
Tess,6,6,1
Tess,6,8,2
Tess,7,3,39893
Tess,7,5,19979
Tess,7,7,20070
Tess,8,2,87
Tess,8,6,193
Tess,8,8,89
Tess,9,2,85
Tess,9,3,187
Tess,9,9,105
Tess,10,5,4087
Tess,10,6,8135
Tess,10,10,4004
Tess,11,3,8666
Tess,11,5,4311
Tess,11,11,4170
Tess,12,2,18
Tess,12,6,36
Tess,12,12,19
Tess,13,5,963
Tess,13,6,1988
Tess,13,13,1045
Tess,14,5,661
Tess,14,6,1233
Tess,14,14,611
Tess,1,2,1
Tess,1,3,1
Tess,2,1,7
Tess,2,2,5
Tess,2,4,5
Tess,3,1,13
Tess,3,3,5
Tess,3,4,6
Tess,4,2,25
Tess,4,3,78
Tess,4,4,46
Tess,5,1,337
Tess,5,5,176
Tess,5,7,194
Tess,6,1,739
Tess,6,6,361
Tess,6,8,375
Tess,7,3,424
Tess,7,5,182
Tess,7,7,212
Tess,8,2,113
Tess,8,6,205
Tess,8,8,118
Tess,9,2,138
Tess,9,3,339
Tess,9,9,146
Tess,10,5,691
Tess,10,6,1415
Tess,10,10,708
Tess,11,3,1526
Tess,11,5,751
Tess,11,11,760
Tess,12,2,993
Tess,12,6,1879
Tess,12,12,974
Tess,13,5,8037
Tess,13,6,16188
Tess,13,13,8146
Tess,14,5,19790
Tess,14,6,39476
Tess,14,14,19818
Tess,1,2,1016
Tess,1,3,1008
Tess,2,1,16652
Tess,2,2,8284
Tess,2,4,8171
Tess,3,1,302
Tess,3,3,145
Tess,3,4,155
Tess,4,2,2389
Tess,4,3,4894
Tess,4,4,2451
Tess,5,1,23763
Tess,5,5,12027
Tess,5,7,11830
Tess,6,1,221
Tess,6,6,112
Tess,6,8,97
Tess,7,3,3346
Tess,7,5,1769
Tess,7,7,1758
Tess,8,2,1191
Tess,8,6,2415
Tess,8,8,1202
Tess,9,2,1120
Tess,9,3,2374
Tess,9,9,1106
Tess,10,5,787
Tess,10,6,1568
Tess,10,10,770
Tess,11,3,1483
Tess,11,5,752
Tess,11,11,737
Tess,12,2,768
Tess,12,6,1574
Tess,12,12,787
Tess,13,5,569
Tess,13,6,1135
Tess,13,13,610
Tess,14,5,943
Tess,14,6,1789
Tess,14,14,937
Tess,1,2,25
Tess,1,3,24
Tess,2,1,417
Tess,2,2,203
Tess,2,4,191
Tess,3,1,247
Tess,3,3,138
Tess,3,4,122
Tess,4,2,696
Tess,4,3,1406
Tess,4,4,735
Tess,5,1,6431
Tess,5,5,3186
Tess,5,7,3054
Tess,6,1,384
Tess,6,6,199
Tess,6,8,212
Tess,7,3,14024
Tess,7,5,6976
Tess,7,7,7041
Tess,8,2,394
Tess,8,6,803
Tess,8,8,426
Tess,9,2,399
Tess,9,3,779
Tess,9,9,394
Tess,10,5,4298
Tess,10,6,8602
Tess,10,10,4357
Tess,11,3,8660
Tess,11,5,4388
Tess,11,11,4331
Tess,12,2,265
Tess,12,6,462
Tess,12,12,238
Tess,13,5,3590
Tess,13,6,7172
Tess,13,13,3481
Tess,14,5,6355
Tess,14,6,13188
Tess,14,14,6582
Tess,1,2,21
Tess,1,3,23
Tess,2,1,197
Tess,2,2,93
Tess,2,4,101
Tess,3,1,415
Tess,3,3,224
Tess,3,4,237
Tess,4,2,224
Tess,4,3,515
Tess,4,4,249
Tess,5,1,3132
Tess,5,5,1630
Tess,5,7,1613
Tess,6,1,3023
Tess,6,6,1473
Tess,6,8,1514
Tess,7,3,1908
Tess,7,5,904
Tess,7,7,1050
Tess,8,2,359
Tess,8,6,714
Tess,8,8,367
Tess,9,2,619
Tess,9,3,1402
Tess,9,9,736
Tess,10,5,1841
Tess,10,6,3629
Tess,10,10,1735
Tess,11,3,3887
Tess,11,5,1924
Tess,11,11,1858
Tess,12,2,2504
Tess,12,6,5173
Tess,12,12,2645
Tess,13,5,12864
Tess,13,6,25705
Tess,13,13,12756
Tess,14,5,6629
Tess,14,6,13044
Tess,14,14,6466
Tess,1,2,3124
Tess,1,3,3222
Tess,2,1,40942
Tess,2,2,20533
Tess,2,4,20812
Tess,3,1,247
Tess,3,3,127
Tess,3,4,132
Tess,4,2,1352
Tess,4,3,2849
Tess,4,4,1369
Tess,5,1,13396
Tess,5,5,6626
Tess,5,7,6652
Tess,6,1,48
Tess,6,6,17
Tess,6,8,31
Tess,7,3,563
Tess,7,5,273
Tess,7,7,283
Tess,8,2,232
Tess,8,6,435
Tess,8,8,204
Tess,9,2,241
Tess,9,3,406
Tess,9,9,214
Tess,10,5,49
Tess,10,6,89
Tess,10,10,50
Tess,11,3,87
Tess,11,5,44
Tess,11,11,43
Tess,12,2,54
Tess,12,6,115
Tess,12,12,45
Tess,13,5,12
Tess,13,6,36
Tess,13,13,11
Tess,14,5,14
Tess,14,6,20
Tess,14,14,8
Tess,1,2,186
Tess,1,3,211
Tess,2,1,1406
Tess,2,2,706
Tess,2,4,651
Tess,3,1,1984
Tess,3,3,940
Tess,3,4,933
Tess,4,2,1917
Tess,4,3,3915
Tess,4,4,1926
Tess,5,1,11621
Tess,5,5,5767
Tess,5,7,5644
Tess,6,1,856
Tess,6,6,434
Tess,6,8,453
Tess,7,3,28568
Tess,7,5,14110
Tess,7,7,14434
Tess,8,2,470
Tess,8,6,944
Tess,8,8,528
Tess,9,2,477
Tess,9,3,872
Tess,9,9,437
Tess,10,5,2535
Tess,10,6,5188
Tess,10,10,2588
Tess,11,3,4905
Tess,11,5,2391
Tess,11,11,2314
Tess,12,2,97
Tess,12,6,205
Tess,12,12,87
Tess,13,5,608
Tess,13,6,1315
Tess,13,13,652
Tess,14,5,400
Tess,14,6,809
Tess,14,14,391
Tess,1,2,13669
Tess,1,3,13865
Tess,2,1,5446
Tess,2,2,2832
Tess,2,4,2732
Tess,3,1,6123
Tess,3,3,3073
Tess,3,4,3050
Tess,4,2,1214
Tess,4,3,2500
Tess,4,4,1245
Tess,5,1,8040
Tess,5,5,3963
Tess,5,7,4052
Tess,6,1,8600
Tess,6,6,4299
Tess,6,8,4242
Tess,7,3,2265
Tess,7,5,1181
Tess,7,7,1093
Tess,8,2,1136
Tess,8,6,2171
Tess,8,8,1059
Tess,9,2,1080
Tess,9,3,2086
Tess,9,9,1014
Tess,10,5,939
Tess,10,6,1865
Tess,10,10,951
Tess,11,3,2301
Tess,11,5,1144
Tess,11,11,1138
Tess,12,2,1032
Tess,12,6,1977
Tess,12,12,1057
Tess,13,5,1213
Tess,13,6,2416
Tess,13,13,1220
Tess,14,5,1550
Tess,14,6,3107
Tess,14,14,1463
Tess,1,2,15696
Tess,1,3,15744
Tess,2,1,15030
Tess,2,2,7629
Tess,2,4,7527
Tess,3,1,3796
Tess,3,3,1913
Tess,3,4,1973
Tess,4,2,1912
Tess,4,3,3846
Tess,4,4,1964
Tess,5,1,10570
Tess,5,5,5117
Tess,5,7,5277
Tess,6,1,2673
Tess,6,6,1373
Tess,6,8,1314
Tess,7,3,1985
Tess,7,5,989
Tess,7,7,993
Tess,8,2,1012
Tess,8,6,1987
Tess,8,8,1027
Tess,9,2,830
Tess,9,3,1648
Tess,9,9,812
Tess,10,5,599
Tess,10,6,1062
Tess,10,10,543
Tess,11,3,1049
Tess,11,5,481
Tess,11,11,476
Tess,12,2,532
Tess,12,6,1105
Tess,12,12,568
Tess,13,5,409
Tess,13,6,847
Tess,13,13,424
Tess,14,5,542
Tess,14,6,1149
Tess,14,14,584
Tess,1,2,12436
Tess,1,3,12375
Tess,2,1,6264
Tess,2,2,3087
Tess,2,4,3078
Tess,3,1,7792
Tess,3,3,3782
Tess,3,4,3965
Tess,4,2,1872
Tess,4,3,3697
Tess,4,4,1838
Tess,5,1,10478
Tess,5,5,5140
Tess,5,7,5069
Tess,6,1,6077
Tess,6,6,2974
Tess,6,8,2969
Tess,7,3,3824
Tess,7,5,1864
Tess,7,7,1867
Tess,8,2,1026
Tess,8,6,2093
Tess,8,8,990
Tess,9,2,797
Tess,9,3,1476
Tess,9,9,721
Tess,10,5,1058
Tess,10,6,2084
Tess,10,10,1058
Tess,11,3,1916
Tess,11,5,909
Tess,11,11,885
Tess,12,2,519
Tess,12,6,1070
Tess,12,12,530
Tess,13,5,798
Tess,13,6,1568
Tess,13,13,796
Tess,14,5,1007
Tess,14,6,2094
Tess,14,14,1032
Tess,1,2,42294
Tess,1,3,42241
Tess,2,1,6645
Tess,2,2,3369
Tess,2,4,3242
Tess,3,1,6074
Tess,3,3,3076
Tess,3,4,3050
Tess,4,2,490
Tess,4,3,1002
Tess,4,4,519
Tess,5,1,2447
Tess,5,5,1162
Tess,5,7,1299
Tess,6,1,2145
Tess,6,6,1093
Tess,6,8,1005
Tess,7,3,424
Tess,7,5,246
Tess,7,7,239
Tess,8,2,194
Tess,8,6,400
Tess,8,8,185
Tess,9,2,217
Tess,9,3,429
Tess,9,9,229
Tess,10,5,76
Tess,10,6,200
Tess,10,10,119
Tess,11,3,249
Tess,11,5,128
Tess,11,11,123
Tess,12,2,114
Tess,12,6,204
Tess,12,12,101
Tess,13,5,62
Tess,13,6,145
Tess,13,13,47
Tess,14,5,31
Tess,14,6,60
Tess,14,14,28
Tess,1,2,37856
Tess,1,3,37733
Tess,2,1,17996
Tess,2,2,8790
Tess,2,4,8778
Tess,3,1,2157
Tess,3,3,1072
Tess,3,4,1074
Tess,4,2,581
Tess,4,3,1195
Tess,4,4,590
Tess,5,1,2055
Tess,5,5,1042
Tess,5,7,1030
Tess,6,1,436
Tess,6,6,220
Tess,6,8,179
Tess,7,3,252
Tess,7,5,126
Tess,7,7,113
Tess,8,2,162
Tess,8,6,308
Tess,8,8,151
Tess,9,2,134
Tess,9,3,244
Tess,9,9,125
Tess,10,5,38
Tess,10,6,80
Tess,10,10,42
Tess,11,3,92
Tess,11,5,34
Tess,11,11,35
Tess,12,2,52
Tess,12,6,72
Tess,12,12,53
Tess,13,5,8
Tess,13,6,48
Tess,13,13,19
Tess,14,5,9
Tess,14,6,18
Tess,14,14,8
Tess,1,2,37026
Tess,1,3,37058
Tess,2,1,8409
Tess,2,2,4077
Tess,2,4,4179
Tess,3,1,8584
Tess,3,3,4371
Tess,3,4,4313
Tess,4,2,783
Tess,4,3,1639
Tess,4,4,846
Tess,5,1,3428
Tess,5,5,1754
Tess,5,7,1797
Tess,6,1,1267
Tess,6,6,621
Tess,6,8,672
Tess,7,3,715
Tess,7,5,341
Tess,7,7,362
Tess,8,2,187
Tess,8,6,365
Tess,8,8,191
Tess,9,2,148
Tess,9,3,365
Tess,9,9,171
Tess,10,5,108
Tess,10,6,206
Tess,10,10,110
Tess,11,3,187
Tess,11,5,84
Tess,11,11,81
Tess,12,2,45
Tess,12,6,126
Tess,12,12,62
Tess,13,5,32
Tess,13,6,60
Tess,13,13,38
Tess,14,5,21
Tess,14,6,28
Tess,14,14,18
Tess,1,2,1
Tess,5,1,5
Tess,5,5,1
Tess,5,7,2
Tess,6,1,5
Tess,6,6,2
Tess,6,8,4
Tess,13,6,1
Tess,13,13,2
Tess,14,5,383
Tess,14,6,814
Tess,14,14,389
Tess,1,2,1
Tess,1,3,3
Tess,2,2,1
Tess,2,4,1
Tess,3,1,1
Tess,5,1,584
Tess,5,5,271
Tess,5,7,267
Tess,6,1,3
Tess,6,6,1
Tess,7,3,3
Tess,7,5,2
Tess,7,7,2
Tess,8,6,1
Tess,9,3,2
Tess,10,6,1
Tess,11,3,2
Tess,11,11,1
Tess,12,2,1
Tess,12,6,3
Tess,13,5,1
Tess,13,6,3
Tess,14,5,161
Tess,14,6,277
Tess,14,14,139
Tess,1,2,1
Tess,1,3,1
Tess,3,1,1
Tess,5,1,28
Tess,5,5,15
Tess,5,7,16
Tess,6,1,4
Tess,6,6,1
Tess,6,8,1
Tess,7,7,1
Tess,10,6,2
Tess,10,10,1
Tess,11,11,2
Tess,13,6,1
Tess,13,13,3
Tess,14,5,384
Tess,14,6,798
Tess,14,14,422
Tess,1,2,1
Tess,5,1,5
Tess,5,5,1
Tess,5,7,2
Tess,6,1,5
Tess,6,6,2
Tess,6,8,4
Tess,13,5,4
Tess,13,6,5
Tess,13,13,3
Tess,14,5,387
Tess,14,6,784
Tess,14,14,406
Tess,1,2,1
Tess,1,3,3
Tess,2,1,6
Tess,2,2,2
Tess,2,4,3
Tess,4,2,1
Tess,4,3,2
Tess,4,4,1
Tess,5,1,674
Tess,5,5,361
Tess,5,7,352
Tess,6,6,1
Tess,6,8,1
Tess,7,3,3
Tess,7,5,2
Tess,7,7,3
Tess,8,2,3
Tess,8,6,3
Tess,8,8,4
Tess,9,2,1
Tess,9,3,2
Tess,9,9,1
Tess,10,5,2
Tess,10,6,8
Tess,10,10,6
Tess,11,3,7
Tess,11,11,1
Tess,12,2,4
Tess,12,6,4
Tess,12,12,1
Tess,13,5,3
Tess,13,6,8
Tess,13,13,4
Tess,14,5,58
Tess,14,6,130
Tess,14,14,66
Tess,1,2,1
Tess,1,3,2
Tess,3,3,1
Tess,5,1,25
Tess,5,5,14
Tess,5,7,16
Tess,6,1,1
Tess,6,8,1
Tess,7,3,5
Tess,7,5,1
Tess,7,7,2
Tess,9,2,1
Tess,10,5,6
Tess,10,6,25
Tess,10,10,12
Tess,11,3,12
Tess,11,5,9
Tess,11,11,9
Tess,12,6,2
Tess,12,12,1
Tess,13,5,10
Tess,13,6,22
Tess,13,13,1
Tess,14,5,409
Tess,14,6,716
Tess,14,14,378
Tess,1,2,1
Tess,5,1,8
Tess,5,5,4
Tess,5,7,3
Tess,6,1,16
Tess,6,6,8
Tess,6,8,8
Tess,8,6,1
Tess,12,2,1
Tess,13,6,2
Tess,13,13,1
Tess,14,5,355
Tess,14,6,810
Tess,14,14,391
Tess,1,2,16
Tess,1,3,18
Tess,2,2,1
Tess,2,4,1
Tess,4,2,1
Tess,5,1,568
Tess,5,5,264
Tess,5,7,264
Tess,6,1,10
Tess,6,6,5
Tess,6,8,6
Tess,7,3,3
Tess,7,5,2
Tess,7,7,1
Tess,8,2,1
Tess,9,3,2
Tess,9,9,1
Tess,10,6,1
Tess,11,3,2
Tess,12,6,3
Tess,13,5,1
Tess,13,6,2
Tess,14,5,165
Tess,14,6,255
Tess,14,14,139
Tess,1,2,1
Tess,1,3,1
Tess,5,1,95
Tess,5,5,62
Tess,5,7,68
Tess,6,1,10
Tess,6,6,1
Tess,6,8,3
Tess,7,3,1
Tess,7,5,1
Tess,7,7,1
Tess,10,5,1
Tess,10,6,2
Tess,10,10,1
Tess,11,3,3
Tess,11,11,2
Tess,13,6,4
Tess,14,5,340
Tess,14,6,708
Tess,14,14,377
Tess,1,2,7
Tess,1,3,2
Tess,5,1,42
Tess,5,5,21
Tess,5,7,24
Tess,6,1,53
Tess,6,6,25
Tess,6,8,28
Tess,8,6,1
Tess,10,5,1
Tess,10,10,1
Tess,11,3,2
Tess,11,11,1
Tess,12,2,2
Tess,12,6,1
Tess,12,12,1
Tess,13,5,5
Tess,13,6,12
Tess,13,13,7
Tess,14,5,296
Tess,14,6,718
Tess,14,14,359
Tess,1,2,59
Tess,1,3,54
Tess,2,1,8
Tess,2,2,3
Tess,2,4,1
Tess,4,2,1
Tess,4,3,2
Tess,4,4,1
Tess,5,1,595
Tess,5,5,320
Tess,5,7,303
Tess,6,1,16
Tess,6,6,7
Tess,6,8,12
Tess,7,3,3
Tess,7,5,3
Tess,7,7,2
Tess,8,2,4
Tess,8,6,3
Tess,8,8,3
Tess,9,2,1
Tess,9,3,2
Tess,9,9,1
Tess,10,6,6
Tess,10,10,8
Tess,11,3,3
Tess,11,11,2
Tess,12,2,4
Tess,12,6,7
Tess,12,12,3
Tess,13,5,3
Tess,13,6,8
Tess,13,13,4
Tess,14,5,59
Tess,14,6,144
Tess,14,14,77
Tess,1,2,7
Tess,1,3,7
Tess,3,4,1
Tess,4,3,1
Tess,5,1,227
Tess,5,5,126
Tess,5,7,130
Tess,6,1,47
Tess,6,6,18
Tess,6,8,28
Tess,7,3,15
Tess,7,5,8
Tess,7,7,8
Tess,10,5,6
Tess,10,6,23
Tess,10,10,10
Tess,11,3,14
Tess,11,5,8
Tess,11,11,4
Tess,13,5,6
Tess,13,6,18
Tess,13,13,9
Tess,14,5,249
Tess,14,6,480
Tess,14,14,232
Tess,1,2,180
Tess,1,3,150
Tess,2,1,1
Tess,2,4,1
Tess,4,2,1
Tess,4,4,1
Tess,5,1,182
Tess,5,5,88
Tess,5,7,101
Tess,6,1,203
Tess,6,6,92
Tess,6,8,81
Tess,7,3,2
Tess,8,2,1
Tess,9,9,1
Tess,12,6,1
Tess,13,5,2
Tess,13,6,3
Tess,13,13,4
Tess,14,5,127
Tess,14,6,253
Tess,14,14,134
Tess,1,2,257
Tess,1,3,216
Tess,2,1,3
Tess,2,4,2
Tess,3,1,1
Tess,3,3,1
Tess,4,2,2
Tess,5,1,330
Tess,5,5,167
Tess,5,7,155
Tess,6,1,98
Tess,6,6,64
Tess,6,8,47
Tess,7,3,1
Tess,7,5,1
Tess,8,8,2
Tess,9,2,2
Tess,9,3,1
Tess,9,9,1
Tess,10,5,2
Tess,10,6,2
Tess,11,3,3
Tess,11,11,2
Tess,12,2,1
Tess,12,6,1
Tess,13,5,2
Tess,13,13,1
Tess,14,5,91
Tess,14,6,188
Tess,14,14,88
Tess,1,2,162
Tess,1,3,157
Tess,2,2,1
Tess,2,4,1
Tess,3,1,1
Tess,4,2,1
Tess,5,1,275
Tess,5,5,116
Tess,5,7,115
Tess,6,1,176
Tess,6,6,93
Tess,6,8,82
Tess,7,5,1
Tess,8,2,1
Tess,8,6,1
Tess,9,2,1
Tess,9,3,2
Tess,10,5,3
Tess,10,6,1
Tess,10,10,1
Tess,11,3,6
Tess,11,11,1
Tess,12,2,1
Tess,13,5,2
Tess,13,6,1
Tess,14,5,132
Tess,14,6,234
Tess,14,14,114
Tess,1,2,522
Tess,1,3,571
Tess,2,1,3
Tess,2,2,2
Tess,3,1,2
Tess,3,4,1
Tess,5,1,101
Tess,5,5,64
Tess,5,7,48
Tess,6,1,111
Tess,6,6,44
Tess,6,8,38
Tess,7,3,1
Tess,9,3,1
Tess,10,6,1
Tess,11,5,2
Tess,11,11,3
Tess,12,2,3
Tess,13,5,5
Tess,13,6,1
Tess,13,13,3
Tess,14,5,19
Tess,14,6,42
Tess,14,14,21
Tess,1,2,506
Tess,1,3,523
Tess,2,1,11
Tess,2,2,5
Tess,2,4,10
Tess,3,1,2
Tess,3,3,3
Tess,3,4,1
Tess,4,3,3
Tess,4,4,1
Tess,5,1,213
Tess,5,5,118
Tess,5,7,98
Tess,6,1,53
Tess,6,6,39
Tess,6,8,30
Tess,8,2,2
Tess,8,6,3
Tess,9,2,1
Tess,9,3,5
Tess,9,9,1
Tess,10,5,1
Tess,10,6,4
Tess,10,10,3
Tess,11,3,3
Tess,11,5,1
Tess,11,11,3
Tess,12,2,2
Tess,12,6,1
Tess,12,12,2
Tess,13,5,4
Tess,13,6,8
Tess,13,13,1
Tess,14,5,13
Tess,14,6,42
Tess,14,14,16
Tess,1,2,487
Tess,1,3,482
Tess,2,1,2
Tess,2,2,1
Tess,3,1,6
Tess,3,3,4
Tess,3,4,6
Tess,4,2,1
Tess,4,3,1
Tess,4,4,1
Tess,5,1,146
Tess,5,5,75
Tess,5,7,93
Tess,6,1,135
Tess,6,6,53
Tess,6,8,59
Tess,7,3,2
Tess,7,5,2
Tess,7,7,4
Tess,8,2,1
Tess,8,6,1
Tess,9,3,1
Tess,9,9,1
Tess,10,5,3
Tess,10,6,4
Tess,10,10,3
Tess,11,3,1
Tess,11,11,2
Tess,12,12,2
Tess,13,5,3
Tess,13,6,5
Tess,13,13,1
Tess,14,5,19
Tess,14,6,52
Tess,14,14,23
Tess,10,5,2
Tess,10,6,3
Tess,12,2,10
Tess,12,6,21
Tess,12,12,9
Tess,13,5,340
Tess,13,6,622
Tess,13,13,323
Tess,14,5,74
Tess,14,6,153
Tess,14,14,52
Tess,2,1,316
Tess,2,2,158
Tess,2,4,165
Tess,4,2,70
Tess,4,3,143
Tess,4,4,71
Tess,5,1,142
Tess,5,5,60
Tess,5,7,61
Tess,7,3,38
Tess,7,5,21
Tess,7,7,41
Tess,8,2,18
Tess,8,6,60
Tess,8,8,21
Tess,9,2,33
Tess,9,3,58
Tess,9,9,27
Tess,10,5,12
Tess,10,6,25
Tess,10,10,19
Tess,11,3,27
Tess,11,5,23
Tess,11,11,17
Tess,12,2,18
Tess,12,6,18
Tess,12,12,16
Tess,13,5,9
Tess,13,6,17
Tess,13,13,5
Tess,14,5,4
Tess,14,6,12
Tess,14,14,7
Tess,4,2,6
Tess,4,3,9
Tess,4,4,4
Tess,5,1,3
Tess,5,5,2
Tess,5,7,5
Tess,7,3,460
Tess,7,5,225
Tess,7,7,208
Tess,8,2,1
Tess,8,6,7
Tess,8,8,1
Tess,9,3,4
Tess,9,9,3
Tess,10,5,68
Tess,10,6,123
Tess,10,10,76
Tess,11,3,141
Tess,11,5,78
Tess,11,11,68
Tess,12,2,2
Tess,12,6,1
Tess,12,12,1
Tess,13,5,18
Tess,13,6,61
Tess,13,13,37
Tess,14,5,18
Tess,14,6,35
Tess,14,14,17
Tess,10,5,8
Tess,10,6,18
Tess,10,10,4
Tess,12,2,12
Tess,12,6,34
Tess,12,12,18
Tess,13,5,362
Tess,13,6,720
Tess,13,13,360
Tess,14,5,16
Tess,14,6,42
Tess,14,14,15
Tess,2,1,759
Tess,2,2,371
Tess,2,4,379
Tess,4,2,18
Tess,4,3,47
Tess,4,4,22
Tess,5,1,42
Tess,5,5,20
Tess,5,7,26
Tess,7,3,8
Tess,7,5,3
Tess,7,7,2
Tess,8,2,2
Tess,8,6,8
Tess,8,8,4
Tess,9,2,4
Tess,9,3,10
Tess,9,9,2
Tess,10,6,1
Tess,10,10,1
Tess,12,6,1
Tess,12,12,1
Tess,13,5,1
Tess,2,1,1
Tess,4,2,15
Tess,4,3,18
Tess,4,4,10
Tess,5,1,17
Tess,5,5,9
Tess,5,7,10
Tess,7,3,701
Tess,7,5,372
Tess,7,7,350
Tess,8,2,1
Tess,8,8,1
Tess,9,2,1
Tess,9,3,5
Tess,9,9,1
Tess,10,5,17
Tess,10,6,31
Tess,10,10,27
Tess,11,3,36
Tess,11,5,18
Tess,11,11,16
Tess,12,6,2
Tess,13,5,1
Tess,13,6,13
Tess,13,13,5
Tess,14,5,2
Tess,14,6,2
Tess,4,2,1
Tess,4,3,5
Tess,5,1,5
Tess,6,1,1
Tess,6,6,2
Tess,6,8,1
Tess,7,3,17
Tess,7,5,5
Tess,7,7,5
Tess,8,2,2
Tess,8,6,10
Tess,8,8,1
Tess,9,2,5
Tess,9,3,9
Tess,9,9,3
Tess,10,5,31
Tess,10,6,68
Tess,10,10,29
Tess,11,3,64
Tess,11,5,33
Tess,11,11,37
Tess,12,2,53
Tess,12,6,89
Tess,12,12,42
Tess,13,5,214
Tess,13,6,398
Tess,13,13,222
Tess,14,5,62
Tess,14,6,143
Tess,14,14,52
Tess,1,2,6
Tess,1,3,6
Tess,2,1,304
Tess,2,2,159
Tess,2,4,166
Tess,3,1,2
Tess,3,3,1
Tess,3,4,1
Tess,4,2,69
Tess,4,3,137
Tess,4,4,68
Tess,5,1,140
Tess,5,5,61
Tess,5,7,61
Tess,6,1,3
Tess,6,8,1
Tess,7,3,40
Tess,7,5,21
Tess,7,7,38
Tess,8,2,19
Tess,8,6,57
Tess,8,8,23
Tess,9,2,33
Tess,9,3,60
Tess,9,9,29
Tess,10,5,11
Tess,10,6,23
Tess,10,10,20
Tess,11,3,27
Tess,11,5,22
Tess,11,11,16
Tess,12,2,18
Tess,12,6,18
Tess,12,12,15
Tess,13,5,10
Tess,13,6,18
Tess,13,13,4
Tess,14,5,6
Tess,14,6,12
Tess,14,14,7
Tess,2,1,9
Tess,2,2,7
Tess,2,4,4
Tess,3,1,1
Tess,3,3,2
Tess,3,4,1
Tess,4,2,18
Tess,4,3,30
Tess,4,4,25
Tess,5,1,50
Tess,5,5,20
Tess,5,7,22
Tess,6,1,1
Tess,7,3,389
Tess,7,5,193
Tess,7,7,181
Tess,8,2,5
Tess,8,6,14
Tess,8,8,8
Tess,9,2,7
Tess,9,3,8
Tess,9,9,13
Tess,10,5,56
Tess,10,6,123
Tess,10,10,73
Tess,11,3,126
Tess,11,5,61
Tess,11,11,57
Tess,12,2,4
Tess,12,6,10
Tess,12,12,1
Tess,13,5,15
Tess,13,6,49
Tess,13,13,35
Tess,14,5,15
Tess,14,6,37
Tess,14,14,12
Tess,1,3,1
Tess,2,1,4
Tess,3,1,3
Tess,3,3,1
Tess,4,2,3
Tess,4,3,9
Tess,4,4,7
Tess,5,1,22
Tess,5,5,16
Tess,5,7,8
Tess,6,1,10
Tess,6,6,6
Tess,6,8,4
Tess,7,3,35
Tess,7,5,17
Tess,7,7,17
Tess,8,2,4
Tess,8,6,23
Tess,8,8,8
Tess,9,2,19
Tess,9,3,40
Tess,9,9,24
Tess,10,5,52
Tess,10,6,106
Tess,10,10,42
Tess,11,3,110
Tess,11,5,54
Tess,11,11,46
Tess,12,2,61
Tess,12,6,134
Tess,12,12,70
Tess,13,5,136
Tess,13,6,267
Tess,13,13,147
Tess,14,5,24
Tess,14,6,47
Tess,14,14,32
Tess,1,2,33
Tess,1,3,29
Tess,2,1,726
Tess,2,2,352
Tess,2,4,351
Tess,3,1,4
Tess,3,3,4
Tess,3,4,2
Tess,4,2,16
Tess,4,3,47
Tess,4,4,24
Tess,5,1,46
Tess,5,5,18
Tess,5,7,25
Tess,6,1,1
Tess,6,8,1
Tess,7,3,6
Tess,7,5,4
Tess,7,7,3
Tess,8,2,2
Tess,8,6,10
Tess,8,8,3
Tess,9,2,5
Tess,9,3,12
Tess,9,9,1
Tess,10,6,1
Tess,10,10,1
Tess,11,3,1
Tess,11,11,1
Tess,12,2,2
Tess,12,12,1
Tess,1,2,3
Tess,2,1,20
Tess,2,2,12
Tess,2,4,13
Tess,3,1,3
Tess,3,3,5
Tess,3,4,7
Tess,4,2,38
Tess,4,3,85
Tess,4,4,40
Tess,5,1,123
Tess,5,5,57
Tess,5,7,65
Tess,6,1,1
Tess,6,6,1
Tess,6,8,1
Tess,7,3,490
Tess,7,5,238
Tess,7,7,221
Tess,8,2,6
Tess,8,6,12
Tess,8,8,7
Tess,9,2,2
Tess,9,3,12
Tess,9,9,6
Tess,10,5,20
Tess,10,6,46
Tess,10,10,31
Tess,11,3,36
Tess,11,5,20
Tess,11,11,21
Tess,12,2,1
Tess,12,6,1
Tess,13,5,4
Tess,13,6,20
Tess,13,13,6
Tess,14,5,4
Tess,14,6,3
Tess,14,14,1
Tess,1,2,86
Tess,1,3,84
Tess,2,1,90
Tess,2,2,32
Tess,2,4,34
Tess,3,1,66
Tess,3,3,27
Tess,3,4,43
Tess,4,2,35
Tess,4,3,65
Tess,4,4,27
Tess,5,1,70
Tess,5,5,48
Tess,5,7,36
Tess,6,1,56
Tess,6,6,26
Tess,6,8,25
Tess,7,3,47
Tess,7,5,24
Tess,7,7,19
Tess,8,2,28
Tess,8,6,54
Tess,8,8,24
Tess,9,2,22
Tess,9,3,62
Tess,9,9,39
Tess,10,5,24
Tess,10,6,49
Tess,10,10,22
Tess,11,3,60
Tess,11,5,27
Tess,11,11,26
Tess,12,2,17
Tess,12,6,50
Tess,12,12,19
Tess,13,5,17
Tess,13,6,47
Tess,13,13,22
Tess,14,5,12
Tess,14,6,27
Tess,14,14,21
Tess,1,2,126
Tess,1,3,115
Tess,2,1,237
Tess,2,2,108
Tess,2,4,135
Tess,3,1,55
Tess,3,3,22
Tess,3,4,25
Tess,4,2,54
Tess,4,3,98
Tess,4,4,55
Tess,5,1,95
Tess,5,5,53
Tess,5,7,46
Tess,6,1,21
Tess,6,6,14
Tess,6,8,11
Tess,7,3,39
Tess,7,5,21
Tess,7,7,34
Tess,8,2,21
Tess,8,6,40
Tess,8,8,22
Tess,9,2,21
Tess,9,3,46
Tess,9,9,13
Tess,10,5,12
Tess,10,6,32
Tess,10,10,14
Tess,11,3,24
Tess,11,5,12
Tess,11,11,16
Tess,12,2,9
Tess,12,6,23
Tess,12,12,11
Tess,13,5,5
Tess,13,6,16
Tess,13,13,7
Tess,14,5,3
Tess,14,6,17
Tess,14,14,4
Tess,1,2,78
Tess,1,3,65
Tess,2,1,97
Tess,2,2,55
Tess,2,4,44
Tess,3,1,82
Tess,3,3,47
Tess,3,4,41
Tess,4,2,40
Tess,4,3,91
Tess,4,4,49
Tess,5,1,101
Tess,5,5,51
Tess,5,7,58
Tess,6,1,39
Tess,6,6,24
Tess,6,8,30
Tess,7,3,85
Tess,7,5,54
Tess,7,7,38
Tess,8,2,21
Tess,8,6,52
Tess,8,8,17
Tess,9,2,27
Tess,9,3,45
Tess,9,9,18
Tess,10,5,27
Tess,10,6,52
Tess,10,10,21
Tess,11,3,47
Tess,11,5,20
Tess,11,11,31
Tess,12,2,12
Tess,12,6,24
Tess,12,12,15
Tess,13,5,12
Tess,13,6,29
Tess,13,13,11
Tess,14,5,6
Tess,14,6,18
Tess,14,14,8
Tess,1,2,394
Tess,1,3,395
Tess,2,1,124
Tess,2,2,58
Tess,2,4,61
Tess,3,1,122
Tess,3,3,56
Tess,3,4,45
Tess,4,2,26
Tess,4,3,26
Tess,4,4,23
Tess,5,1,52
Tess,5,5,18
Tess,5,7,13
Tess,6,1,26
Tess,6,6,12
Tess,6,8,16
Tess,7,3,11
Tess,7,5,4
Tess,7,7,14
Tess,8,2,12
Tess,8,6,13
Tess,8,8,4
Tess,9,2,7
Tess,9,3,19
Tess,9,9,11
Tess,10,5,5
Tess,10,6,2
Tess,10,10,5
Tess,11,3,7
Tess,11,5,4
Tess,11,11,4
Tess,12,2,3
Tess,12,6,2
Tess,12,12,6
Tess,13,6,4
Tess,13,13,2
Tess,14,6,2
Tess,14,14,1
Tess,1,2,409
Tess,1,3,397
Tess,2,1,299
Tess,2,2,146
Tess,2,4,146
Tess,3,1,46
Tess,3,3,29
Tess,3,4,26
Tess,4,2,18
Tess,4,3,42
Tess,4,4,16
Tess,5,1,47
Tess,5,5,14
Tess,5,7,16
Tess,6,1,5
Tess,6,6,7
Tess,6,8,5
Tess,7,3,14
Tess,7,5,2
Tess,7,7,4
Tess,8,2,2
Tess,8,6,9
Tess,8,8,3
Tess,9,2,2
Tess,9,3,13
Tess,9,9,1
Tess,10,5,1
Tess,10,6,2
Tess,10,10,2
Tess,11,3,3
Tess,12,2,1
Tess,12,12,2
Tess,13,13,1
Tess,14,5,2
Tess,1,2,365
Tess,1,3,364
Tess,2,1,162
Tess,2,2,74
Tess,2,4,74
Tess,3,1,110
Tess,3,3,53
Tess,3,4,61
Tess,4,2,28
Tess,4,3,59
Tess,4,4,19
Tess,5,1,60
Tess,5,5,38
Tess,5,7,34
Tess,6,1,22
Tess,6,6,17
Tess,6,8,22
Tess,7,3,21
Tess,7,5,15
Tess,7,7,16
Tess,8,2,3
Tess,8,6,11
Tess,8,8,3
Tess,9,2,4
Tess,9,3,16
Tess,9,9,4
Tess,10,5,2
Tess,10,6,4
Tess,11,3,9
Tess,11,5,2
Tess,11,11,1
Tess,12,6,3
Tess,12,12,1
Tess,13,5,1
Tess,13,6,2
Tess,14,6,2
Tess,4,2,2
Tess,4,3,3
Tess,5,1,1
Tess,6,1,3
Tess,7,3,1
Tess,7,7,1
Tess,8,2,3
Tess,8,6,1
Tess,8,8,2
Tess,9,2,3
Tess,9,3,4
Tess,9,9,1
Tess,10,5,5
Tess,10,6,8
Tess,10,10,7
Tess,11,3,6
Tess,11,11,1
Tess,12,2,6
Tess,12,6,12
Tess,12,12,7
Tess,13,5,86
Tess,13,6,187
Tess,13,13,85
Tess,14,5,318
Tess,14,6,628
Tess,14,14,305
Tess,1,3,1
Tess,2,1,203
Tess,2,2,103
Tess,2,4,112
Tess,4,2,32
Tess,4,3,60
Tess,4,4,37
Tess,5,1,326
Tess,5,5,153
Tess,5,7,154
Tess,7,3,30
Tess,7,5,22
Tess,7,7,19
Tess,8,2,18
Tess,8,6,30
Tess,8,8,10
Tess,9,2,20
Tess,9,3,34
Tess,9,9,16
Tess,10,5,11
Tess,10,6,12
Tess,10,10,5
Tess,11,3,20
Tess,11,5,16
Tess,11,11,12
Tess,12,2,8
Tess,12,6,36
Tess,12,12,10
Tess,13,5,8
Tess,13,6,8
Tess,13,13,7
Tess,14,5,11
Tess,14,6,24
Tess,14,14,21
Tess,1,2,3
Tess,1,3,1
Tess,2,1,1
Tess,2,4,1
Tess,3,1,1
Tess,4,2,3
Tess,4,3,4
Tess,4,4,3
Tess,5,1,9
Tess,5,5,4
Tess,5,7,7
Tess,6,1,4
Tess,6,6,1
Tess,7,3,185
Tess,7,5,102
Tess,7,7,90
Tess,8,2,1
Tess,8,6,2
Tess,8,8,1
Tess,9,2,2
Tess,9,3,4
Tess,9,9,2
Tess,10,5,69
Tess,10,6,169
Tess,10,10,72
Tess,11,3,129
Tess,11,5,78
Tess,11,11,74
Tess,12,2,2
Tess,12,6,4
Tess,12,12,2
Tess,13,5,46
Tess,13,6,112
Tess,13,13,51
Tess,14,5,124
Tess,14,6,207
Tess,14,14,108
Tess,4,2,2
Tess,4,3,3
Tess,5,1,1
Tess,6,1,3
Tess,7,3,1
Tess,7,7,1
Tess,8,2,3
Tess,8,6,1
Tess,8,8,2
Tess,9,2,3
Tess,9,3,4
Tess,9,9,1
Tess,10,5,5
Tess,10,6,6
Tess,10,10,6
Tess,11,3,6
Tess,11,11,1
Tess,12,2,9
Tess,12,6,16
Tess,12,12,7
Tess,13,5,180
Tess,13,6,383
Tess,13,13,195
Tess,14,5,208
Tess,14,6,428
Tess,14,14,211
Tess,1,3,1
Tess,2,1,532
Tess,2,2,234
Tess,2,4,242
Tess,4,2,20
Tess,4,3,31
Tess,4,4,12
Tess,5,1,200
Tess,5,5,115
Tess,5,7,107
Tess,7,3,13
Tess,7,5,4
Tess,7,7,4
Tess,8,2,9
Tess,8,6,19
Tess,8,8,8
Tess,9,2,9
Tess,9,3,5
Tess,9,9,7
Tess,11,3,5
Tess,11,5,1
Tess,11,11,5
Tess,12,6,2
Tess,13,5,1
Tess,14,5,1
Tess,14,6,2
Tess,1,2,3
Tess,1,3,1
Tess,2,1,5
Tess,2,4,1
Tess,3,1,1
Tess,4,2,12
Tess,4,3,27
Tess,4,4,11
Tess,5,1,27
Tess,5,5,16
Tess,5,7,13
Tess,6,1,4
Tess,6,6,1
Tess,7,3,373
Tess,7,5,223
Tess,7,7,213
Tess,8,2,1
Tess,8,6,1
Tess,9,2,1
Tess,9,3,1
Tess,9,9,1
Tess,10,5,80
Tess,10,6,152
Tess,10,10,82
Tess,11,3,116
Tess,11,5,60
Tess,11,11,71
Tess,12,12,1
Tess,13,5,32
Tess,13,6,53
Tess,13,13,16
Tess,14,5,22
Tess,14,6,40
Tess,14,14,17
Tess,3,1,1
Tess,4,2,4
Tess,4,3,4
Tess,5,1,6
Tess,5,5,2
Tess,5,7,2
Tess,6,1,11
Tess,6,6,2
Tess,6,8,5
Tess,7,3,4
Tess,7,5,3
Tess,7,7,4
Tess,8,2,5
Tess,8,8,5
Tess,9,2,8
Tess,9,3,7
Tess,9,9,4
Tess,10,5,7
Tess,10,6,17
Tess,10,10,9
Tess,11,3,32
Tess,11,5,5
Tess,11,11,8
Tess,12,2,8
Tess,12,6,20
Tess,12,12,12
Tess,13,5,96
Tess,13,6,225
Tess,13,13,95
Tess,14,5,289
Tess,14,6,531
Tess,14,14,255
Tess,1,2,10
Tess,1,3,13
Tess,2,1,185
Tess,2,2,92
Tess,2,4,106
Tess,3,1,1
Tess,3,4,1
Tess,4,2,35
Tess,4,3,54
Tess,4,4,37
Tess,5,1,318
Tess,5,5,155
Tess,5,7,154
Tess,6,1,3
Tess,6,8,1
Tess,7,3,30
Tess,7,5,22
Tess,7,7,19
Tess,8,2,19
Tess,8,6,37
Tess,8,8,13
Tess,9,2,22
Tess,9,3,33
Tess,9,9,16
Tess,10,5,11
Tess,10,6,12
Tess,10,10,6
Tess,11,3,20
Tess,11,5,15
Tess,11,11,10
Tess,12,2,10
Tess,12,6,36
Tess,12,12,11
Tess,13,5,8
Tess,13,6,7
Tess,13,13,7
Tess,14,5,12
Tess,14,6,25
Tess,14,14,23
Tess,1,2,2
Tess,1,3,1
Tess,2,1,6
Tess,2,2,5
Tess,2,4,4
Tess,3,1,5
Tess,3,3,1
Tess,3,4,4
Tess,4,2,11
Tess,4,3,22
Tess,4,4,16
Tess,5,1,107
Tess,5,5,52
Tess,5,7,34
Tess,6,1,13
Tess,6,6,6
Tess,6,8,6
Tess,7,3,152
Tess,7,5,88
Tess,7,7,87
Tess,8,2,7
Tess,8,6,9
Tess,8,8,9
Tess,9,2,9
Tess,9,3,6
Tess,9,9,7
Tess,10,5,52
Tess,10,6,113
Tess,10,10,49
Tess,11,3,89
Tess,11,5,61
Tess,11,11,62
Tess,12,2,8
Tess,12,6,8
Tess,12,12,6
Tess,13,5,52
Tess,13,6,109
Tess,13,13,57
Tess,14,5,98
Tess,14,6,163
Tess,14,14,82
Tess,2,1,2
Tess,2,4,1
Tess,3,1,9
Tess,3,3,1
Tess,3,4,3
Tess,4,2,8
Tess,4,3,9
Tess,4,4,5
Tess,5,1,30
Tess,5,5,12
Tess,5,7,14
Tess,6,1,36
Tess,6,6,24
Tess,6,8,21
Tess,7,3,29
Tess,7,5,8
Tess,7,7,10
Tess,8,2,11
Tess,8,6,12
Tess,8,8,6
Tess,9,2,10
Tess,9,3,12
Tess,9,9,9
Tess,10,5,25
Tess,10,6,46
Tess,10,10,22
Tess,11,3,76
Tess,11,5,24
Tess,11,11,32
Tess,12,2,33
Tess,12,6,96
Tess,12,12,32
Tess,13,5,133
Tess,13,6,332
Tess,13,13,179
Tess,14,5,82
Tess,14,6,213
Tess,14,14,79
Tess,1,2,45
Tess,1,3,31
Tess,2,1,501
Tess,2,2,215
Tess,2,4,244
Tess,3,1,4
Tess,3,3,1
Tess,3,4,5
Tess,4,2,17
Tess,4,3,27
Tess,4,4,12
Tess,5,1,184
Tess,5,5,102
Tess,5,7,102
Tess,6,1,2
Tess,6,8,1
Tess,7,3,13
Tess,7,5,5
Tess,7,7,3
Tess,8,2,10
Tess,8,6,17
Tess,8,8,10
Tess,9,2,8
Tess,9,3,7
Tess,9,9,7
Tess,10,5,1
Tess,11,3,4
Tess,11,5,2
Tess,11,11,3
Tess,12,6,2
Tess,13,5,1
Tess,14,5,1
Tess,14,6,2
Tess,1,2,4
Tess,1,3,3
Tess,2,1,18
Tess,2,2,10
Tess,2,4,10
Tess,3,1,37
Tess,3,3,11
Tess,3,4,15
Tess,4,2,39
Tess,4,3,79
Tess,4,4,35
Tess,5,1,163
Tess,5,5,98
Tess,5,7,80
Tess,6,1,18
Tess,6,6,16
Tess,6,8,8
Tess,7,3,307
Tess,7,5,161
Tess,7,7,167
Tess,8,2,6
Tess,8,6,4
Tess,9,2,6
Tess,9,3,13
Tess,9,9,10
Tess,10,5,44
Tess,10,6,71
Tess,10,10,51
Tess,11,3,62
Tess,11,5,35
Tess,11,11,32
Tess,12,2,1
Tess,12,6,3
Tess,12,12,3
Tess,13,5,14
Tess,13,6,13
Tess,13,13,6
Tess,14,5,7
Tess,14,6,13
Tess,14,14,5
Tess,1,2,177
Tess,1,3,157
Tess,2,1,68
Tess,2,2,42
Tess,2,4,46
Tess,3,1,76
Tess,3,3,42
Tess,3,4,52
Tess,4,2,16
Tess,4,3,25
Tess,4,4,19
Tess,5,1,106
Tess,5,5,48
Tess,5,7,56
Tess,6,1,130
Tess,6,6,61
Tess,6,8,58
Tess,7,3,33
Tess,7,5,15
Tess,7,7,17
Tess,8,2,17
Tess,8,6,24
Tess,8,8,8
Tess,9,2,17
Tess,9,3,25
Tess,9,9,11
Tess,10,5,10
Tess,10,6,17
Tess,10,10,12
Tess,11,3,33
Tess,11,5,25
Tess,11,11,19
Tess,12,2,17
Tess,12,6,39
Tess,12,12,16
Tess,13,5,11
Tess,13,6,36
Tess,13,13,14
Tess,14,5,23
Tess,14,6,48
Tess,14,14,20
Tess,1,2,193
Tess,1,3,177
Tess,2,1,183
Tess,2,2,100
Tess,2,4,103
Tess,3,1,51
Tess,3,3,28
Tess,3,4,23
Tess,4,2,34
Tess,4,3,53
Tess,4,4,27
Tess,5,1,127
Tess,5,5,62
Tess,5,7,49
Tess,6,1,34
Tess,6,6,22
Tess,6,8,12
Tess,7,3,17
Tess,7,5,12
Tess,7,7,6
Tess,8,2,16
Tess,8,6,31
Tess,8,8,14
Tess,9,2,15
Tess,9,3,23
Tess,9,9,15
Tess,10,5,8
Tess,10,6,14
Tess,10,10,11
Tess,11,3,21
Tess,11,5,10
Tess,11,11,15
Tess,12,2,7
Tess,12,6,15
Tess,12,12,5
Tess,13,5,7
Tess,13,6,15
Tess,13,13,7
Tess,14,5,6
Tess,14,6,16
Tess,14,14,5
Tess,1,2,168
Tess,1,3,153
Tess,2,1,71
Tess,2,2,37
Tess,2,4,40
Tess,3,1,108
Tess,3,3,46
Tess,3,4,50
Tess,4,2,17
Tess,4,3,64
Tess,4,4,27
Tess,5,1,169
Tess,5,5,59
Tess,5,7,59
Tess,6,1,81
Tess,6,6,44
Tess,6,8,39
Tess,7,3,47
Tess,7,5,32
Tess,7,7,25
Tess,8,2,13
Tess,8,6,23
Tess,8,8,9
Tess,9,2,11
Tess,9,3,37
Tess,9,9,20
Tess,10,5,17
Tess,10,6,28
Tess,10,10,21
Tess,11,3,25
Tess,11,5,17
Tess,11,11,20
Tess,12,2,3
Tess,12,6,16
Tess,12,12,2
Tess,13,5,8
Tess,13,6,16
Tess,13,13,3
Tess,14,5,16
Tess,14,6,25
Tess,14,14,12
Tess,1,2,539
Tess,1,3,540
Tess,2,1,68
Tess,2,2,41
Tess,2,4,38
Tess,3,1,92
Tess,3,3,50
Tess,3,4,45
Tess,4,2,13
Tess,4,3,18
Tess,4,4,6
Tess,5,1,34
Tess,5,5,15
Tess,5,7,15
Tess,6,1,40
Tess,6,6,26
Tess,6,8,20
Tess,7,3,4
Tess,7,5,6
Tess,7,7,3
Tess,8,2,4
Tess,8,6,6
Tess,8,8,6
Tess,9,2,6
Tess,9,3,7
Tess,9,9,6
Tess,10,5,3
Tess,10,6,4
Tess,10,10,2
Tess,11,3,6
Tess,11,5,2
Tess,11,11,5
Tess,12,2,4
Tess,12,6,6
Tess,12,12,1
Tess,13,6,1
Tess,14,6,2
Tess,14,14,2
Tess,1,2,475
Tess,1,3,488
Tess,2,1,201
Tess,2,2,86
Tess,2,4,94
Tess,3,1,34
Tess,3,3,22
Tess,3,4,19
Tess,4,2,6
Tess,4,3,17
Tess,4,4,8
Tess,5,1,30
Tess,5,5,28
Tess,5,7,18
Tess,6,1,10
Tess,6,6,3
Tess,6,8,10
Tess,7,3,8
Tess,7,5,4
Tess,7,7,4
Tess,8,2,1
Tess,8,6,4
Tess,9,2,4
Tess,9,3,6
Tess,9,9,1
Tess,10,5,1
Tess,11,3,2
Tess,11,5,2
Tess,11,11,1
Tess,12,6,2
Tess,1,2,491
Tess,1,3,461
Tess,2,1,114
Tess,2,2,48
Tess,2,4,50
Tess,3,1,114
Tess,3,3,59
Tess,3,4,53
Tess,4,2,14
Tess,4,3,23
Tess,4,4,10
Tess,5,1,69
Tess,5,5,44
Tess,5,7,27
Tess,6,1,20
Tess,6,6,13
Tess,6,8,9
Tess,7,3,7
Tess,7,7,4
Tess,8,2,4
Tess,8,6,5
Tess,8,8,3
Tess,9,2,2
Tess,9,3,4
Tess,9,9,2
Tess,10,5,3
Tess,10,6,1
Tess,10,10,6
Tess,11,3,2
Tess,11,5,1
Tess,11,11,1
Tess,12,2,1
Tess,12,6,3
Tess,12,12,2
Tess,13,5,1
Tess,13,6,4
Tess,14,6,2
Tess,14,14,1
Tess,1,2,1
Tess,2,1,15
Tess,2,2,7
Tess,2,4,16
Tess,3,1,102
Tess,3,3,58
Tess,3,4,51
Tess,4,2,386
Tess,4,3,796
Tess,4,4,371
Tess,5,1,11
Tess,5,5,4
Tess,5,7,6
Tess,6,1,92
Tess,6,6,42
Tess,6,8,50
Tess,7,3,1299
Tess,7,5,601
Tess,7,7,613
Tess,8,2,545
Tess,8,6,1043
Tess,8,8,548
Tess,9,2,389
Tess,9,3,816
Tess,9,9,443
Tess,10,5,881
Tess,10,6,1814
Tess,10,10,885
Tess,11,3,2198
Tess,11,5,1068
Tess,11,11,1080
Tess,12,2,2663
Tess,12,6,5564
Tess,12,12,2673
Tess,13,5,32557
Tess,13,6,64722
Tess,13,13,32394
Tess,14,5,84625
Tess,14,6,169205
Tess,14,14,84425
Tess,1,2,11
Tess,1,3,6
Tess,2,1,93860
Tess,2,2,47368
Tess,2,4,46893
Tess,3,1,4
Tess,3,3,3
Tess,3,4,1
Tess,4,2,9291
Tess,4,3,18566
Tess,4,4,9264
Tess,5,1,112285
Tess,5,5,55749
Tess,5,7,56107
Tess,6,1,3
Tess,6,8,1
Tess,7,3,22120
Tess,7,5,11276
Tess,7,7,11082
Tess,8,2,41
Tess,8,6,116
Tess,8,8,54
Tess,9,2,53
Tess,9,3,109
Tess,9,9,55
Tess,10,5,23
Tess,10,6,53
Tess,10,10,30
Tess,11,3,60
Tess,11,5,39
Tess,11,11,31
Tess,12,2,30
Tess,12,6,50
Tess,12,12,25
Tess,13,5,27
Tess,13,6,71
Tess,13,13,37
Tess,14,5,28
Tess,14,6,52
Tess,14,14,30
Tess,1,2,3
Tess,1,3,5
Tess,2,1,252
Tess,2,2,145
Tess,2,4,115
Tess,3,1,47
Tess,3,3,20
Tess,3,4,24
Tess,4,2,1212
Tess,4,3,2496
Tess,4,4,1213
Tess,5,1,2711
Tess,5,5,1418
Tess,5,7,1344
Tess,6,1,15
Tess,6,6,2
Tess,6,8,4
Tess,7,3,68501
Tess,7,5,34187
Tess,7,7,34057
Tess,8,2,653
Tess,8,6,1289
Tess,8,8,620
Tess,9,2,337
Tess,9,3,685
Tess,9,9,347
Tess,10,5,22998
Tess,10,6,46393
Tess,10,10,23387
Tess,11,3,37207
Tess,11,5,18911
Tess,11,11,18569
Tess,12,2,482
Tess,12,6,888
Tess,12,12,466
Tess,13,5,16088
Tess,13,6,32058
Tess,13,13,16112
Tess,14,5,27315
Tess,14,6,55062
Tess,14,14,27313
Tess,1,2,2
Tess,2,1,306
Tess,2,2,159
Tess,2,4,137
Tess,3,1,114
Tess,3,3,47
Tess,3,4,70
Tess,4,2,273
Tess,4,3,543
Tess,4,4,263
Tess,5,1,84
Tess,5,5,46
Tess,5,7,43
Tess,6,1,256
Tess,6,6,111
Tess,6,8,120
Tess,7,3,1749
Tess,7,5,844
Tess,7,7,889
Tess,8,2,986
Tess,8,6,1900
Tess,8,8,996
Tess,9,2,389
Tess,9,3,816
Tess,9,9,443
Tess,10,5,1605
Tess,10,6,3317
Tess,10,10,1651
Tess,11,3,1296
Tess,11,5,708
Tess,11,11,654
Tess,12,2,2649
Tess,12,6,5597
Tess,12,12,2703
Tess,13,5,67752
Tess,13,6,135269
Tess,13,13,67442
Tess,14,5,48173
Tess,14,6,96432
Tess,14,14,48225
Tess,1,2,11
Tess,1,3,6
Tess,2,1,165648
Tess,2,2,82166
Tess,2,4,82862
Tess,3,1,4
Tess,3,3,3
Tess,3,4,1
Tess,4,2,3120
Tess,4,3,6228
Tess,4,4,3064
Tess,5,1,72903
Tess,5,5,36751
Tess,5,7,36363
Tess,6,1,3
Tess,6,8,1
Tess,7,3,2774
Tess,7,5,1414
Tess,7,7,1435
Tess,8,2,7
Tess,8,6,11
Tess,8,8,6
Tess,9,2,9
Tess,9,3,11
Tess,9,9,11
Tess,10,5,4
Tess,10,6,18
Tess,10,10,12
Tess,11,3,24
Tess,11,5,10
Tess,11,11,13
Tess,12,2,3
Tess,12,6,2
Tess,12,12,1
Tess,13,5,1
Tess,14,5,2
Tess,14,6,2
Tess,1,2,4
Tess,1,3,5
Tess,2,1,617
Tess,2,2,338
Tess,2,4,320
Tess,3,1,245
Tess,3,3,137
Tess,3,4,149
Tess,4,2,4417
Tess,4,3,8798
Tess,4,4,4228
Tess,5,1,4640
Tess,5,5,2271
Tess,5,7,2323
Tess,6,1,15
Tess,6,6,2
Tess,6,8,3
Tess,7,3,143396
Tess,7,5,71739
Tess,7,7,71755
Tess,8,2,330
Tess,8,6,630
Tess,8,8,295
Tess,9,2,282
Tess,9,3,513
Tess,9,9,259
Tess,10,5,23310
Tess,10,6,46465
Tess,10,10,23261
Tess,11,3,19723
Tess,11,5,9800
Tess,11,11,9755
Tess,12,2,128
Tess,12,6,291
Tess,12,12,129
Tess,13,5,6956
Tess,13,6,13665
Tess,13,13,6793
Tess,14,5,4295
Tess,14,6,8412
Tess,14,14,4257
Tess,1,2,389
Tess,1,3,469
Tess,2,1,1702
Tess,2,2,859
Tess,2,4,833
Tess,3,1,2245
Tess,3,3,1111
Tess,3,4,1122
Tess,4,2,1568
Tess,4,3,3092
Tess,4,4,1550
Tess,5,1,15952
Tess,5,5,7997
Tess,5,7,7962
Tess,6,1,15661
Tess,6,6,7833
Tess,6,8,7698
Tess,7,3,24379
Tess,7,5,12017
Tess,7,7,12205
Tess,8,2,7839
Tess,8,6,15642
Tess,8,8,7975
Tess,9,2,1446
Tess,9,3,2819
Tess,9,9,1470
Tess,10,5,4228
Tess,10,6,8409
Tess,10,10,4206
Tess,11,3,7969
Tess,11,5,3888
Tess,11,11,3951
Tess,12,2,3390
Tess,12,6,6730
Tess,12,12,3324
Tess,13,5,24497
Tess,13,6,49108
Tess,13,13,24646
Tess,14,5,46425
Tess,14,6,93769
Tess,14,14,46684
Tess,1,2,5804
Tess,1,3,5768
Tess,2,1,114345
Tess,2,2,57755
Tess,2,4,56994
Tess,3,1,1425
Tess,3,3,683
Tess,3,4,694
Tess,4,2,11222
Tess,4,3,22722
Tess,4,4,11330
Tess,5,1,85664
Tess,5,5,42919
Tess,5,7,42976
Tess,6,1,16
Tess,6,6,7
Tess,6,8,12
Tess,7,3,16698
Tess,7,5,8525
Tess,7,7,8394
Tess,8,2,46
Tess,8,6,97
Tess,8,8,43
Tess,9,2,46
Tess,9,3,103
Tess,9,9,41
Tess,10,5,22
Tess,10,6,53
Tess,10,10,30
Tess,11,3,60
Tess,11,5,39
Tess,11,11,33
Tess,12,2,28
Tess,12,6,69
Tess,12,12,30
Tess,13,5,29
Tess,13,6,53
Tess,13,13,27
Tess,14,5,28
Tess,14,6,49
Tess,14,14,25
Tess,1,2,158
Tess,1,3,154
Tess,2,1,5623
Tess,2,2,2790
Tess,2,4,2801
Tess,3,1,5824
Tess,3,3,2885
Tess,3,4,2822
Tess,4,2,10538
Tess,4,3,20909
Tess,4,4,10478
Tess,5,1,25375
Tess,5,5,12573
Tess,5,7,12953
Tess,6,1,6887
Tess,6,6,3536
Tess,6,8,3476
Tess,7,3,117439
Tess,7,5,59183
Tess,7,7,58650
Tess,8,2,6667
Tess,8,6,13037
Tess,8,8,6473
Tess,9,2,1085
Tess,9,3,2178
Tess,9,9,1083
Tess,10,5,6221
Tess,10,6,12214
Tess,10,10,6140
Tess,11,3,14227
Tess,11,5,7250
Tess,11,11,7117
Tess,12,2,939
Tess,12,6,1865
Tess,12,12,889
Tess,13,5,5742
Tess,13,6,11370
Tess,13,13,5727
Tess,14,5,4887
Tess,14,6,9803
Tess,14,14,4983
Tess,1,2,9266
Tess,1,3,9205
Tess,2,1,9564
Tess,2,2,4927
Tess,2,4,4742
Tess,3,1,10475
Tess,3,3,5240
Tess,3,4,5191
Tess,4,2,8470
Tess,4,3,16760
Tess,4,4,8454
Tess,5,1,40823
Tess,5,5,20367
Tess,5,7,20277
Tess,6,1,26577
Tess,6,6,13229
Tess,6,8,13343
Tess,7,3,31265
Tess,7,5,15705
Tess,7,7,15961
Tess,8,2,6343
Tess,8,6,12624
Tess,8,8,6372
Tess,9,2,1843
Tess,9,3,3729
Tess,9,9,1884
Tess,10,5,4209
Tess,10,6,8212
Tess,10,10,4194
Tess,11,3,13050
Tess,11,5,6511
Tess,11,11,6438
Tess,12,2,8322
Tess,12,6,16743
Tess,12,12,8502
Tess,13,5,14996
Tess,13,6,29621
Tess,13,13,14988
Tess,14,5,9085
Tess,14,6,18427
Tess,14,14,9125
Tess,1,2,13595
Tess,1,3,13598
Tess,2,1,184396
Tess,2,2,91659
Tess,2,4,91995
Tess,3,1,588
Tess,3,3,301
Tess,3,4,328
Tess,4,2,3445
Tess,4,3,6977
Tess,4,4,3449
Tess,5,1,40437
Tess,5,5,20575
Tess,5,7,20289
Tess,6,1,5
Tess,6,6,2
Tess,6,8,1
Tess,7,3,1580
Tess,7,5,804
Tess,7,7,777
Tess,8,2,6
Tess,8,6,9
Tess,8,8,5
Tess,9,2,11
Tess,9,3,12
Tess,9,9,11
Tess,10,5,1
Tess,10,6,9
Tess,10,10,4
Tess,11,3,10
Tess,11,5,7
Tess,11,11,7
Tess,12,2,3
Tess,12,6,2
Tess,12,12,1
Tess,13,5,1
Tess,14,5,2
Tess,14,6,2
Tess,1,2,1266
Tess,1,3,1185
Tess,2,1,12696
Tess,2,2,6558
Tess,2,4,6554
Tess,3,1,24206
Tess,3,3,12192
Tess,3,4,12211
Tess,4,2,20727
Tess,4,3,41439
Tess,4,4,20679
Tess,5,1,41139
Tess,5,5,20866
Tess,5,7,20694
Tess,6,1,6412
Tess,6,6,3172
Tess,6,8,3239
Tess,7,3,108377
Tess,7,5,54192
Tess,7,7,54539
Tess,8,2,1595
Tess,8,6,3164
Tess,8,8,1594
Tess,9,2,62
Tess,9,3,90
Tess,9,9,43
Tess,10,5,2629
Tess,10,6,5003
Tess,10,10,2525
Tess,11,3,2036
Tess,11,5,1025
Tess,11,11,1054
Tess,12,2,7
Tess,12,6,13
Tess,12,12,6
Tess,13,5,383
Tess,13,6,827
Tess,13,13,382
Tess,14,5,46
Tess,14,6,90
Tess,14,14,34
Tess,1,2,107202
Tess,1,3,107858
Tess,2,1,60568
Tess,2,2,30197
Tess,2,4,30027
Tess,3,1,58290
Tess,3,3,29253
Tess,3,4,29035
Tess,4,2,9559
Tess,4,3,19373
Tess,4,4,9795
Tess,5,1,548
Tess,5,5,292
Tess,5,7,275
Tess,6,1,567
Tess,6,6,309
Tess,6,8,253
Tess,7,3,215
Tess,7,5,87
Tess,7,7,94
Tess,8,2,95
Tess,8,6,138
Tess,8,8,75
Tess,9,2,69
Tess,9,3,119
Tess,9,9,69
Tess,10,5,37
Tess,10,6,61
Tess,10,10,37
Tess,11,3,76
Tess,11,5,26
Tess,11,11,41
Tess,12,2,22
Tess,12,6,50
Tess,12,12,16
Tess,13,5,40
Tess,13,6,85
Tess,13,13,42
Tess,14,5,45
Tess,14,6,79
Tess,14,14,40
Tess,1,2,86584
Tess,1,3,86562
Tess,2,1,120031
Tess,2,2,60413
Tess,2,4,60239
Tess,3,1,19467
Tess,3,3,9704
Tess,3,4,9689
Tess,4,2,10007
Tess,4,3,20235
Tess,4,4,9975
Tess,5,1,542
Tess,5,5,245
Tess,5,7,295
Tess,6,1,108
Tess,6,6,55
Tess,6,8,40
Tess,7,3,104
Tess,7,5,43
Tess,7,7,50
Tess,8,2,43
Tess,8,6,57
Tess,8,8,43
Tess,9,2,21
Tess,9,3,40
Tess,9,9,24
Tess,10,5,12
Tess,10,6,37
Tess,10,10,23
Tess,11,3,44
Tess,11,5,16
Tess,11,11,16
Tess,12,2,13
Tess,12,6,26
Tess,12,12,9
Tess,13,5,8
Tess,13,6,17
Tess,13,13,9
Tess,14,5,12
Tess,14,6,32
Tess,14,14,14
Tess,1,2,85393
Tess,1,3,85683
Tess,2,1,67645
Tess,2,2,33608
Tess,2,4,33867
Tess,3,1,64724
Tess,3,3,32135
Tess,3,4,32281
Tess,4,2,13961
Tess,4,3,28101
Tess,4,4,14009
Tess,5,1,701
Tess,5,5,358
Tess,5,7,347
Tess,6,1,369
Tess,6,6,179
Tess,6,8,152
Tess,7,3,285
Tess,7,5,132
Tess,7,7,131
Tess,8,2,63
Tess,8,6,142
Tess,8,8,70
Tess,9,2,24
Tess,9,3,60
Tess,9,9,38
Tess,10,5,32
Tess,10,6,65
Tess,10,10,38
Tess,11,3,43
Tess,11,5,27
Tess,11,11,22
Tess,12,2,16
Tess,12,6,50
Tess,12,12,23
Tess,13,5,15
Tess,13,6,36
Tess,13,13,13
Tess,14,5,29
Tess,14,6,57
Tess,14,14,27
Tess,1,2,184122
Tess,1,3,184343
Tess,2,1,32731
Tess,2,2,16528
Tess,2,4,16627
Tess,3,1,27520
Tess,3,3,13718
Tess,3,4,13780
Tess,4,2,1298
Tess,4,3,2657
Tess,4,4,1270
Tess,5,1,70
Tess,5,5,32
Tess,5,7,34
Tess,6,1,81
Tess,6,6,45
Tess,6,8,35
Tess,7,3,22
Tess,7,5,15
Tess,7,7,10
Tess,8,2,6
Tess,8,6,14
Tess,8,8,11
Tess,9,2,6
Tess,9,3,16
Tess,9,9,10
Tess,10,5,4
Tess,10,6,8
Tess,10,10,4
Tess,11,3,7
Tess,11,5,7
Tess,11,11,5
Tess,12,2,4
Tess,12,6,3
Tess,13,5,2
Tess,13,6,3
Tess,13,13,1
Tess,14,5,3
Tess,14,6,5
Tess,14,14,2
Tess,1,2,157055
Tess,1,3,157883
Tess,2,1,81313
Tess,2,2,40705
Tess,2,4,40724
Tess,3,1,6148
Tess,3,3,3112
Tess,3,4,3072
Tess,4,2,1183
Tess,4,3,2337
Tess,4,4,1155
Tess,5,1,56
Tess,5,5,19
Tess,5,7,22
Tess,6,1,18
Tess,6,6,10
Tess,6,8,6
Tess,7,3,11
Tess,7,5,2
Tess,7,7,4
Tess,8,2,5
Tess,8,6,9
Tess,8,8,4
Tess,9,2,3
Tess,9,3,7
Tess,9,9,5
Tess,10,5,1
Tess,10,6,8
Tess,10,10,4
Tess,11,3,5
Tess,11,5,3
Tess,11,11,4
Tess,12,2,3
Tess,12,6,2
Tess,12,12,1
Tess,13,5,1
Tess,13,6,1
Tess,14,5,1
Tess,14,6,2
Tess,1,2,163078
Tess,1,3,162811
Tess,2,1,43741
Tess,2,2,21855
Tess,2,4,21683
Tess,3,1,35752
Tess,3,3,17993
Tess,3,4,18215
Tess,4,2,2291
Tess,4,3,4723
Tess,4,4,2356
Tess,5,1,115
Tess,5,5,58
Tess,5,7,50
Tess,6,1,45
Tess,6,6,20
Tess,6,8,28
Tess,7,3,19
Tess,7,5,19
Tess,7,7,9
Tess,8,2,2
Tess,8,6,11
Tess,8,8,4
Tess,9,2,9
Tess,9,3,8
Tess,9,9,3
Tess,10,5,4
Tess,10,6,14
Tess,10,10,8
Tess,11,3,5
Tess,11,5,2
Tess,11,11,6
Tess,12,2,1
Tess,12,6,4
Tess,13,6,4
Tess,13,13,2
Tess,14,5,1
Tess,14,6,1
Tess,14,14,1
